candidate_id,unit_id,label,feature,value,surface,source_field,span_start,span_end,evidence,rule,status,normalization_status,source_sha256,extractor,authority_sha256
afe82d38e904009fae1a6087c85300742df81f19214d0ff837dcd2c8d9579799,R142_0002,PER,actors,Zuanne Federici,Zuanne Federici,text_diplomatic,90,105,"supplica alla s.tà vostra da me Nadal, Antonio et Zuanne Federici Bergamaschi del q. m. Piero, per la qual ricercav",NER_person_name,pending_expert_validation,unresolved,be1400b2100cca380ef3469654415f48db04a8ea46b3c8792a3b73de3bb6643a,rules-ner-1,aab4bde042c44e48e5dd7eaaf862d97e6b82c4fbcf48b269781a4312bdbcda6c
335491def4a64353362e7c0cb801b48906b3c759dba2baf1825dac152f56fff2,R142_0002,ORG,institutional_terms,Proveditori di Commun,Prov.ri di Commun,text_diplomatic,280,297,"ssa la riformatione, et risposta alli Cl.mi ss.ri Prov.ri di Commun et cinque savij alla m.tia, in tempo, che in dett",NER_authority,pending_expert_validation,proposed,be1400b2100cca380ef3469654415f48db04a8ea46b3c8792a3b73de3bb6643a,rules-ner-1,aab4bde042c44e48e5dd7eaaf862d97e6b82c4fbcf48b269781a4312bdbcda6c
fde4fe78f51bf2a58a261a2ef0706e2d62788190678c1320028c44421bc82c75,R142_0002,ORG,institutional_terms,Proveditori di Commun,Prov.ri di Commun,text_diplomatic,1995,2012," li diro anco, che questi nell’officio di signori Prov.ri di Commun hanno fatto far certo essame di testimonij di hav",NER_authority,pending_expert_validation,proposed,be1400b2100cca380ef3469654415f48db04a8ea46b3c8792a3b73de3bb6643a,rules-ner-1,aab4bde042c44e48e5dd7eaaf862d97e6b82c4fbcf48b269781a4312bdbcda6c
c41d0ef5e9668a650f8956a69702654261ef8d2fadbe32d202014feca2af949c,R142_0002,ORG,institutional_terms,Proveditori di Commun,Proveditori di Commun,text_diplomatic,3186,3207," hanno fatto admetter un capitolo nell’officio di Proveditori di Commun, intendendo di giustificar, che il q. suo Padre e",NER_authority,pending_expert_validation,proposed,be1400b2100cca380ef3469654415f48db04a8ea46b3c8792a3b73de3bb6643a,rules-ner-1,aab4bde042c44e48e5dd7eaaf862d97e6b82c4fbcf48b269781a4312bdbcda6c
a1e01a70a3982c0e1000b567b9fb28ce9aebd7d131cd7c1fd6815752370ccbd6,R142_0002,PER,actors,Zuanne Fedrici,Zuanne Fedrici,text_diplomatic,3531,3545,"elle conditioni, et pagamenti si haveria nominato Zuanne Fedrici et fratelli, et non in quela maniera, come per li",NER_person_name,pending_expert_validation,unresolved,be1400b2100cca380ef3469654415f48db04a8ea46b3c8792a3b73de3bb6643a,rules-ner-1,aab4bde042c44e48e5dd7eaaf862d97e6b82c4fbcf48b269781a4312bdbcda6c
e477ed29eddb0df2b6aaaeec1934caf390736b7cbde7771dc3f4639d66da33cd,R142_0002,ORG,institutional_terms,Proveditori di Commun,Proveditori di Commun,text_diplomatic,4370,4391,"ligente processo et fu fatto retenir uno fante di Proveditori di Commun, et havendosi rappresentato il tutto alli Ill.mi ",NER_authority,pending_expert_validation,proposed,be1400b2100cca380ef3469654415f48db04a8ea46b3c8792a3b73de3bb6643a,rules-ner-1,aab4bde042c44e48e5dd7eaaf862d97e6b82c4fbcf48b269781a4312bdbcda6c
09f54eb5e1363a0088f092a90005475179ea02d9c2b0940a5fcdae0190c62acd,R142_0002,PER,actors,Francesco Turrin,Francesco Turrin,text_diplomatic,4803,4819,"retentione del priggion, et presa la retention di Francesco Turrin ministro di ss.ri Gov.ri delle Intrade et di Hier",NER_person_name,pending_expert_validation,unresolved,be1400b2100cca380ef3469654415f48db04a8ea46b3c8792a3b73de3bb6643a,rules-ner-1,aab4bde042c44e48e5dd7eaaf862d97e6b82c4fbcf48b269781a4312bdbcda6c
64b64b22904902a199e46a0f1358db6e062c1545b9b573414b6efa49e908a773,R142_0002,PER,actors,Francesco Turrin,Francesco Turrin,text_diplomatic,4972,4988,"ati restorno absenti, et sotto li 10 ottobre 1605 Francesco Turrin fu in perpetuo bandito di tutte terre, et luoghi,",NER_person_name,pending_expert_validation,unresolved,be1400b2100cca380ef3469654415f48db04a8ea46b3c8792a3b73de3bb6643a,rules-ner-1,aab4bde042c44e48e5dd7eaaf862d97e6b82c4fbcf48b269781a4312bdbcda6c
b6d7f443efd21bea49ec219510544221f733bb7558001d2a85a0dea77293f352,R142_0002,PER,actors,Zuanne Federici,Zuanne Federici,marginal_note_raw,28,43,"Civiltà di Nadal, Antonio e Zuanne Federici",NER_person_name,pending_expert_validation,unresolved,54d5eebd4c4714d51960b182d9cfe15d34ae36669aca32fd19bb8376cb162b6a,rules-ner-1,aab4bde042c44e48e5dd7eaaf862d97e6b82c4fbcf48b269781a4312bdbcda6c
823b62b5e3dc36b6fe80e3ec7cc961f219c7c5be31ab06c89056b1c28a0c4e44,R142_0002,PER,actors,Marco da Riva,Sier Marco da Riva,signatories_raw,0,18,Sier Marco da Riva,NER_authority,pending_expert_validation,proposed,a8830361d8ada88450b66f5a8033161409835206f1e6686a8aa2e3ca6406704a,rules-ner-1,aab4bde042c44e48e5dd7eaaf862d97e6b82c4fbcf48b269781a4312bdbcda6c
d6619e76c32630523dd237b84a106413c56c7ff4a0cfebad319218d1b39b4828,R142_0003,ORG,institutional_terms,Rason Vecchie,Rason vecchie,text_diplomatic,69,82,"sso a noi sopra la mercantia, et Proveditori alle Rason vecchie dalla Ser.ma Signoria sotto 10 7mbre passato, che",NER_authority,pending_expert_validation,proposed,a85b85fb8d4752fe33b879b496dbc5922920962a6659685318c0c6ddfbc022ff,rules-ner-1,aab4bde042c44e48e5dd7eaaf862d97e6b82c4fbcf48b269781a4312bdbcda6c
d6c7406419e299f2756590787062b79d485706a613f4832a6f36531ca277d27b,R142_0003,LOC,geography,Lisbona,Lisbona,text_diplomatic,289,296,tatuire a Tomaso Alvise Cominzuolo Console suo in Lisbona una Tariffa conveniente da esser confirmata dall’,NER_authority,pending_expert_validation,proposed,a85b85fb8d4752fe33b879b496dbc5922920962a6659685318c0c6ddfbc022ff,rules-ner-1,aab4bde042c44e48e5dd7eaaf862d97e6b82c4fbcf48b269781a4312bdbcda6c
355e8ee6ce75c293477944e74a9f19b6826ee889c5ce255b0b47ac2ef4fb0713,R142_0003,ORG,institutional_terms,Senato,Senato,text_diplomatic,353,359,"riffa conveniente da esser confirmata dall’ecc.mo Senato, per essecutione di che reduti insieme, havendo i",NER_authority,pending_expert_validation,proposed,a85b85fb8d4752fe33b879b496dbc5922920962a6659685318c0c6ddfbc022ff,rules-ner-1,aab4bde042c44e48e5dd7eaaf862d97e6b82c4fbcf48b269781a4312bdbcda6c
d1c76b24576f5ae4809495586a8e72f44abbdfd4252b93c764a2777714cb9d9a,R142_0003,LOC,geography,Venezia,Venezia,text_diplomatic,868,875,"ressolutione di essi, fu però all’hora mandato da Venezia da interessati la persona del q. Zuanne dall’Olmo",NER_authority,pending_expert_validation,proposed,a85b85fb8d4752fe33b879b496dbc5922920962a6659685318c0c6ddfbc022ff,rules-ner-1,aab4bde042c44e48e5dd7eaaf862d97e6b82c4fbcf48b269781a4312bdbcda6c
4e0d500a89738fbecd16d20a31b9ce569d327615449fc3874a1d8591cd56a157,R142_0003,PER,actors,Zuanne dall’Olmo,Zuanne dall’Olmo,text_diplomatic,909,925,"ndato da Venezia da interessati la persona del q. Zuanne dall’Olmo, il quale mentre stette in quelle parti ne’ suoi ",NER_person_context,pending_expert_validation,unresolved,a85b85fb8d4752fe33b879b496dbc5922920962a6659685318c0c6ddfbc022ff,rules-ner-1,aab4bde042c44e48e5dd7eaaf862d97e6b82c4fbcf48b269781a4312bdbcda6c
7da677382e2e780db220de3996ae4d4c3325f9fb84541f748b213edd44b76e55,R142_0003,ORG,institutional_terms,Senato,Senato,text_diplomatic,3794,3800,che sia confermata questa sua Tariffa dall’Ecc.mo Senato rimettendosi però in tutto al prudentissimo valor,NER_authority,pending_expert_validation,proposed,a85b85fb8d4752fe33b879b496dbc5922920962a6659685318c0c6ddfbc022ff,rules-ner-1,aab4bde042c44e48e5dd7eaaf862d97e6b82c4fbcf48b269781a4312bdbcda6c
d038758134bfeb4024a92baf846a1ecad8eb9bdde00e634425fe524957b58774,R142_0003,LOC,geography,Lisbona,Lisbona,marginal_note_raw,11,18,"Consule di Lisbona, Tariffa",NER_authority,pending_expert_validation,proposed,eb96977170fe076724639621ab02418881408aea5c8d3339a96c38c42f995bbd,rules-ner-1,aab4bde042c44e48e5dd7eaaf862d97e6b82c4fbcf48b269781a4312bdbcda6c
1af8d9ced91932c2896eefec0f57f22044d2c4d2d2f379d3703da332665e4a81,R142_0003,PER,actors,Anzolo Basadonna,Anzolo Basadonna,signatories_raw,0,16,"Anzolo Basadonna, Domenego Lion, Toma Mocenigo; vacantibus aliis /",NER_person_name,pending_expert_validation,unresolved,0e2838efaafb7b7052d576e33b7132c7ddd936da2a6d715a6b7a7adf2aea19f5,rules-ner-1,aab4bde042c44e48e5dd7eaaf862d97e6b82c4fbcf48b269781a4312bdbcda6c
55e6725e53308a5678586a0ac452709b6191988420ef5571269dbc4f5869c0ec,R142_0003,PER,actors,Domenego Lion,Domenego Lion,signatories_raw,18,31,"Anzolo Basadonna, Domenego Lion, Toma Mocenigo; vacantibus aliis / Zuanne Molin, ",NER_person_name,pending_expert_validation,unresolved,0e2838efaafb7b7052d576e33b7132c7ddd936da2a6d715a6b7a7adf2aea19f5,rules-ner-1,aab4bde042c44e48e5dd7eaaf862d97e6b82c4fbcf48b269781a4312bdbcda6c
09781363d2235a93db1c2b5fc6854a4bc9d29222258bb1e4872135f84517a841,R142_0003,PER,actors,Toma Mocenigo,Toma Mocenigo,signatories_raw,33,46,"Anzolo Basadonna, Domenego Lion, Toma Mocenigo; vacantibus aliis / Zuanne Molin, Michiel Foscari",NER_person_name,pending_expert_validation,unresolved,0e2838efaafb7b7052d576e33b7132c7ddd936da2a6d715a6b7a7adf2aea19f5,rules-ner-1,aab4bde042c44e48e5dd7eaaf862d97e6b82c4fbcf48b269781a4312bdbcda6c
b9efbf116ecfd47a961ba56d9f4cf5b3151640fa2b6f3225c683cb21e70138b4,R142_0003,PER,actors,Zuanne Molin,Zuanne Molin,signatories_raw,67,79," Domenego Lion, Toma Mocenigo; vacantibus aliis / Zuanne Molin, Michiel Foscarini P.ri alle Rason V.e",NER_person_name,pending_expert_validation,unresolved,0e2838efaafb7b7052d576e33b7132c7ddd936da2a6d715a6b7a7adf2aea19f5,rules-ner-1,aab4bde042c44e48e5dd7eaaf862d97e6b82c4fbcf48b269781a4312bdbcda6c
f61c0be43fe93e705846a9184fa85ae2b95b36875fefa838300070b03cb52f90,R142_0003,PER,actors,Michiel Foscarini,Michiel Foscarini,signatories_raw,81,98,", Toma Mocenigo; vacantibus aliis / Zuanne Molin, Michiel Foscarini P.ri alle Rason V.e",NER_person_name,pending_expert_validation,unresolved,0e2838efaafb7b7052d576e33b7132c7ddd936da2a6d715a6b7a7adf2aea19f5,rules-ner-1,aab4bde042c44e48e5dd7eaaf862d97e6b82c4fbcf48b269781a4312bdbcda6c
b4f6a87664200c505a3306b950e4e36b51247ff1bd5cd5081c00dc1d33346061,R142_0003,ORG,institutional_terms,Rason Vecchie,Rason V.e,signatories_raw,109,118,"aliis / Zuanne Molin, Michiel Foscarini P.ri alle Rason V.e",NER_authority,pending_expert_validation,proposed,0e2838efaafb7b7052d576e33b7132c7ddd936da2a6d715a6b7a7adf2aea19f5,rules-ner-1,aab4bde042c44e48e5dd7eaaf862d97e6b82c4fbcf48b269781a4312bdbcda6c
3e1de46d907ed6fdf553cd6a0da070b93328c484cc1e00fba0b3c358cc54df04,R142_0004,ORG,institutional_terms,Collegio,Coll[egi]o,text_diplomatic,99,109,'è stato co[m]messo da q[ue]llo Ecc[ellentissi]mo Coll[egi]o sotto 20 instante intorno all'affittatione delli ,NER_authority,pending_expert_validation,proposed,15052665613dfad960d970fd95b24a6d150e3223a44a18621194da87ff3c44b2,rules-ner-1,aab4bde042c44e48e5dd7eaaf862d97e6b82c4fbcf48b269781a4312bdbcda6c
81e3cf60c215384c47c1123bbdb4c9f283315c6e26a243faf40900ef5b59daf0,R142_0004,LOC,geography,Treviso,Treviso,text_diplomatic,179,186,"ntorno all'affittatione delli datij delle sede di Treviso et di Bassano, et circa l'offerta fatta dal fedel",NER_authority,pending_expert_validation,proposed,15052665613dfad960d970fd95b24a6d150e3223a44a18621194da87ff3c44b2,rules-ner-1,aab4bde042c44e48e5dd7eaaf862d97e6b82c4fbcf48b269781a4312bdbcda6c
15313a5b906b1b3458c08431394fc934d803d98f97e057cfd3b27a4a9d06e761,R142_0004,PER,actors,Zuane Guglielmini,Zuane Guglielmini,text_diplomatic,237,254,"et di Bassano, et circa l'offerta fatta dal fedel Zuane Guglielmini di tuor essi datij p[er] L 82.m p[er] una co[n]do",NER_person_context,pending_expert_validation,unresolved,15052665613dfad960d970fd95b24a6d150e3223a44a18621194da87ff3c44b2,rules-ner-1,aab4bde042c44e48e5dd7eaaf862d97e6b82c4fbcf48b269781a4312bdbcda6c
113ca01b5ba7be7029df3e414eb7c1526638a6ed227e677ece73056183e0f1ea,R142_0004,LOC,geography,Treviso,Treviso,text_diplomatic,706,713,o[m]messo al s[igno]r Pod[est]à et Cap[itani]o di Treviso che di novo debba andar sop[ra] l'incanto p[er] a,NER_authority,pending_expert_validation,proposed,15052665613dfad960d970fd95b24a6d150e3223a44a18621194da87ff3c44b2,rules-ner-1,aab4bde042c44e48e5dd7eaaf862d97e6b82c4fbcf48b269781a4312bdbcda6c
1e43236fd7545c83e0bd887a9bac689dd87e7be690caf6c67950cb825746baf5,R142_0004,LOC,geography,Treviso,Treviso,marginal_note_raw,0,7,Treviso datij delle sede et di Bassano affittatione,NER_authority,pending_expert_validation,proposed,3331e17467f4614a68851beef58807deee76dd96b989f96f518f0648a1ef0edf,rules-ner-1,aab4bde042c44e48e5dd7eaaf862d97e6b82c4fbcf48b269781a4312bdbcda6c
f790aeb8c433985c23c6728d00a756b0fcbd528fbdf9eaf1d6d04c90f3b21e1d,R142_0004,PER,actors,Anzolo Basadonna,Anzolo Basadonna,signatories_raw,3,19,D. Anzolo Basadonna / D. D[ome]ngo Lion / D. Fantin Diedo ] qui,NER_person_context,pending_expert_validation,unresolved,aa073d42d2a38f2567e2394f0772998d1abe50684076ad3ce53e2cbbb72baf4d,rules-ner-1,aab4bde042c44e48e5dd7eaaf862d97e6b82c4fbcf48b269781a4312bdbcda6c
40ef35ecec28f38400e72d22bc0c50642973529b57bb5756b714345c80c84857,R142_0004,PER,actors,D[ome]ngo Lion,D[ome]ngo Lion,signatories_raw,25,39,D. Anzolo Basadonna / D. D[ome]ngo Lion / D. Fantin Diedo ] qui,NER_person_context,pending_expert_validation,unresolved,aa073d42d2a38f2567e2394f0772998d1abe50684076ad3ce53e2cbbb72baf4d,rules-ner-1,aab4bde042c44e48e5dd7eaaf862d97e6b82c4fbcf48b269781a4312bdbcda6c
0a37809b257f6d69921ea31ba82ab1bf19c12a424917020a75755cd70f82aed3,R142_0004,PER,actors,Fantin Diedo,Fantin Diedo,signatories_raw,45,57,D. Anzolo Basadonna / D. D[ome]ngo Lion / D. Fantin Diedo ] qui,NER_person_context,pending_expert_validation,unresolved,aa073d42d2a38f2567e2394f0772998d1abe50684076ad3ce53e2cbbb72baf4d,rules-ner-1,aab4bde042c44e48e5dd7eaaf862d97e6b82c4fbcf48b269781a4312bdbcda6c
e4ddf4efddf02a04939e15d25dcbf0746be4aefe2cd97c2318a7f9a136fd4fac,R142_0005,PER,actors,Z. Batta,Z. Batta,text_diplomatic,498,506,"elle, et havendo noi havuto ragionamento co[n] D. Z. Batta [6v] Brisilelli (?) nominato in esse l[ette]re ri",NER_person_context,pending_expert_validation,unresolved,4bcd52f71a94ecb8e9451060685548b409b0e3daa06862441aa77ea979674bd1,rules-ner-1,aab4bde042c44e48e5dd7eaaf862d97e6b82c4fbcf48b269781a4312bdbcda6c
290af08308cf31826c67405b2aea73ddc7e2b6d86bde408d14e2df40e7901389,R142_0005,ORG,institutional_terms,Senato,Senato,text_diplomatic,1178,1184," per questa causa fu ultimam[en]te deliberato dal Senato a 31 Agosto 1602, che vassilli forestieri non pot",NER_authority,pending_expert_validation,proposed,4bcd52f71a94ecb8e9451060685548b409b0e3daa06862441aa77ea979674bd1,rules-ner-1,aab4bde042c44e48e5dd7eaaf862d97e6b82c4fbcf48b269781a4312bdbcda6c
82fccf01f05c9818b0b5ff134d8fb8991d7ad3c2acb1ad2d9de31f17571ce564,R142_0005,LOC,geography,Candia,Candia,text_diplomatic,2227,2233,"di pani di seda di lana, delli savoni, et vini di Candia con tutto cio stimiamo molto difficile la introdu",NER_authority,pending_expert_validation,proposed,4bcd52f71a94ecb8e9451060685548b409b0e3daa06862441aa77ea979674bd1,rules-ner-1,aab4bde042c44e48e5dd7eaaf862d97e6b82c4fbcf48b269781a4312bdbcda6c
321e4041458f030c16a125d75afdd51ce1b286d6295fb3ea78d4bed191af8308,R142_0005,PER,actors,Z. Batta Brisilelli,Z. Batta Brisilelli,marginal_note_raw,59,78,tia Gothia Vandalia negotio rapresentato p[er] D. Z. Batta Brisilelli (?),NER_person_context,pending_expert_validation,unresolved,ef3dcb6ab0ad87a244ee5c0cfaff6e847f4e95ee4f5ced2f4c735c3f79f3c90c,rules-ner-1,aab4bde042c44e48e5dd7eaaf862d97e6b82c4fbcf48b269781a4312bdbcda6c
692afd46d5492e8a20560504dd96d93b2634fc0de9c8ff053671d2457fe572d2,R142_0005,PER,actors,Anzolo Basadonna,Anzolo Basadonna,signatories_raw,3,19,D. Anzolo Basadonna / D. D[ome]ngo Lion / D. Toma Moc[enig]o / D. Pie,NER_person_context,pending_expert_validation,unresolved,8cd589681470bb26709d6ab95217001b506fefd2c92ca5797c2916f4c2d9ce86,rules-ner-1,aab4bde042c44e48e5dd7eaaf862d97e6b82c4fbcf48b269781a4312bdbcda6c
cbfc29d26b49b4566679b0c88dce19d41e78bc53428e3187ec5ec4dffc22fde4,R142_0005,PER,actors,D[ome]ngo Lion,D[ome]ngo Lion,signatories_raw,25,39,D. Anzolo Basadonna / D. D[ome]ngo Lion / D. Toma Moc[enig]o / D. Pietro Soranzo ] qui,NER_person_context,pending_expert_validation,unresolved,8cd589681470bb26709d6ab95217001b506fefd2c92ca5797c2916f4c2d9ce86,rules-ner-1,aab4bde042c44e48e5dd7eaaf862d97e6b82c4fbcf48b269781a4312bdbcda6c
40457993bd9394e554575eb17cdfe3a69864762408d04a3905aeaeea5e929de7,R142_0005,PER,actors,Toma Moc[enig]o,Toma Moc[enig]o,signatories_raw,45,60,D. Anzolo Basadonna / D. D[ome]ngo Lion / D. Toma Moc[enig]o / D. Pietro Soranzo ] qui,NER_person_context,pending_expert_validation,unresolved,8cd589681470bb26709d6ab95217001b506fefd2c92ca5797c2916f4c2d9ce86,rules-ner-1,aab4bde042c44e48e5dd7eaaf862d97e6b82c4fbcf48b269781a4312bdbcda6c
ce64a1dc6185f01adff1129b33f90a73db000e0bca5d363f555f51b8682a3f46,R142_0005,PER,actors,Piero Soranzo,Pietro Soranzo,signatories_raw,66,80,nna / D. D[ome]ngo Lion / D. Toma Moc[enig]o / D. Pietro Soranzo ] qui,NER_authority,pending_expert_validation,confirmed,8cd589681470bb26709d6ab95217001b506fefd2c92ca5797c2916f4c2d9ce86,rules-ner-1,aab4bde042c44e48e5dd7eaaf862d97e6b82c4fbcf48b269781a4312bdbcda6c
0925bb2ffd9c36baa100c5e8fe3696289b0be836cd71aa1ab881a2661b520f7f,R142_0006,PER,actors,Z. Antonio Bozza,Z. Antonio Bozza,text_diplomatic,47,63,Habbiamo noi etc veduta la supplicatione de m. Z. Antonio Bozza da Bergamo per la quale ricerca dalla S.tà V. che,NER_person_context,pending_expert_validation,unresolved,28db3170922f7d869318e37549247a2879b02d3cc717c31aebf5bbea0715f9c3,rules-ner-1,aab4bde042c44e48e5dd7eaaf862d97e6b82c4fbcf48b269781a4312bdbcda6c
209ff400ec8f5f6e9e9fa00cc49550aa442e8159e5b82db12c6069c170fd7cf5,R142_0006,LOC,geography,Bergamo,Bergamo,text_diplomatic,67,74,veduta la supplicatione de m. Z. Antonio Bozza da Bergamo per la quale ricerca dalla S.tà V. che si degni c,NER_authority,pending_expert_validation,proposed,28db3170922f7d869318e37549247a2879b02d3cc717c31aebf5bbea0715f9c3,rules-ner-1,aab4bde042c44e48e5dd7eaaf862d97e6b82c4fbcf48b269781a4312bdbcda6c
00154b18195929e1ccbf6941fc13e6b32104dfc301eaaade413aa08f21f74b0c,R142_0006,ORG,institutional_terms,Proveditori di Commun,Prov.ri di Commun,text_diplomatic,564,581,to per le dispositioni tolte all’officio di ss.ri Prov.ri di Commun detto supplicante haver habitato questa città int,NER_authority,pending_expert_validation,proposed,28db3170922f7d869318e37549247a2879b02d3cc717c31aebf5bbea0715f9c3,rules-ner-1,aab4bde042c44e48e5dd7eaaf862d97e6b82c4fbcf48b269781a4312bdbcda6c
49f895aef7f2f26fca268b73ea78e396cdb09a748c8ee54c32ba787b513bcc85,R142_0006,ORG,institutional_terms,Senato,Senato,text_diplomatic,1096,1102,"Città, et privilegiato dalla S.ta V. con l’Ecc.mo Senato a 20 Xmbre 1584 della cittadinanza de intus, et p",NER_authority,pending_expert_validation,proposed,28db3170922f7d869318e37549247a2879b02d3cc717c31aebf5bbea0715f9c3,rules-ner-1,aab4bde042c44e48e5dd7eaaf862d97e6b82c4fbcf48b269781a4312bdbcda6c
dc2c5bcfa549d771c0cd5c27d3967018d4cdbaca6d23f93033c64a895c667956,R142_0006,PER,actors,Z. Antonio Bozza,Z. Antonio Bozza,marginal_note_raw,0,16,Z. Antonio Bozza civiltà,NER_person_name,pending_expert_validation,unresolved,32c92c9dbeaaa7e78180ca62f7480cbf1675d3bcf3ca59b3b753a5aa68e22b1f,rules-ner-1,aab4bde042c44e48e5dd7eaaf862d97e6b82c4fbcf48b269781a4312bdbcda6c
ade02012c2333c369f3deb2447b44f3c25b2285514141b5359aaae127bce9213,R142_0006,PER,actors,Anzolo Basadonna,Anzolo Basadonna,signatories_raw,0,16,"Anzolo Basadonna, Fantin Diedo, Toma Mocenigo",NER_person_name,pending_expert_validation,unresolved,782f0bd3e791723a8a064003418284f22471b9503c8c1142ac008b671f2d94cd,rules-ner-1,aab4bde042c44e48e5dd7eaaf862d97e6b82c4fbcf48b269781a4312bdbcda6c
1c54327cc6ca8eae9d7fa40fb6d371a5151657654a9814291a4aa6b53c75f686,R142_0006,PER,actors,Fantin Diedo,Fantin Diedo,signatories_raw,18,30,"Anzolo Basadonna, Fantin Diedo, Toma Mocenigo",NER_person_name,pending_expert_validation,unresolved,782f0bd3e791723a8a064003418284f22471b9503c8c1142ac008b671f2d94cd,rules-ner-1,aab4bde042c44e48e5dd7eaaf862d97e6b82c4fbcf48b269781a4312bdbcda6c
4a1899853b8e63910798f90cc4f356acce989807df4cd0ceafc77ac622904e76,R142_0006,PER,actors,Toma Mocenigo,Toma Mocenigo,signatories_raw,32,45,"Anzolo Basadonna, Fantin Diedo, Toma Mocenigo",NER_person_name,pending_expert_validation,unresolved,782f0bd3e791723a8a064003418284f22471b9503c8c1142ac008b671f2d94cd,rules-ner-1,aab4bde042c44e48e5dd7eaaf862d97e6b82c4fbcf48b269781a4312bdbcda6c
8e349121c7b60f33d638f89994d56832e1f99b62567c3c4dc6a2a69bc2464819,R142_0007,PER,actors,Iosua Ferro,Iosua Ferro,text_diplomatic,82,93, supplicatione presentata alla Serenita Vostra da Iosua Ferro hebreo nella quale propone di dover con un suo ri,NER_person_name,pending_expert_validation,unresolved,fed10666741dce03bc3700e238c4f341ff318519caf5ff3d17c535a48e42437c,rules-ner-1,aab4bde042c44e48e5dd7eaaf862d97e6b82c4fbcf48b269781a4312bdbcda6c
94ea70b4e874666ca51113c7d7614c8dbca2bdf405744a43141b42765f229df7,R142_0007,ORG,institutional_terms,Senato,Senato,text_diplomatic,999,1005,"et approbato per buono, et riuscabile dall’Ecc.mo Senato con le prime informationi noi lo stimaremo degno ",NER_authority,pending_expert_validation,proposed,fed10666741dce03bc3700e238c4f341ff318519caf5ff3d17c535a48e42437c,rules-ner-1,aab4bde042c44e48e5dd7eaaf862d97e6b82c4fbcf48b269781a4312bdbcda6c
09f329c4a9e42a79876ee954ccebc25782a61bafeb8afc60e895f81858994925,R142_0007,PER,actors,Daniel Rodriga,Daniel Rodriga,text_diplomatic,1818,1832,"er del privilegio, con che furono chiamati dal q. Daniel Rodriga, et come in esse scritture, alle quali dovendo an",NER_person_context,pending_expert_validation,unresolved,fed10666741dce03bc3700e238c4f341ff318519caf5ff3d17c535a48e42437c,rules-ner-1,aab4bde042c44e48e5dd7eaaf862d97e6b82c4fbcf48b269781a4312bdbcda6c
d059ca0769df5008a0d7db539926568ebd2f890f24990dc804abddd8a9ef6f44,R142_0007,ORG,institutional_terms,Senato,Senato,text_diplomatic,2670,2676,"lle mano di essi hebrei, delibero la S.ta V. co’l Senato, che essi hebrei fossero accommodati di case nel ",NER_authority,pending_expert_validation,proposed,fed10666741dce03bc3700e238c4f341ff318519caf5ff3d17c535a48e42437c,rules-ner-1,aab4bde042c44e48e5dd7eaaf862d97e6b82c4fbcf48b269781a4312bdbcda6c
141d812405851119beadb6afff1a7a25123f8089b4c1123320a4ddc2a4b03981,R142_0007,PER,actors,Daniel Rodriga,Daniel Rodriga,text_diplomatic,3061,3075,"gge, ma pero supplicata la Serenità vostra dal q. Daniel Rodriga fu concessa a questa natione, et alla Ponentina c",NER_person_context,pending_expert_validation,unresolved,fed10666741dce03bc3700e238c4f341ff318519caf5ff3d17c535a48e42437c,rules-ner-1,aab4bde042c44e48e5dd7eaaf862d97e6b82c4fbcf48b269781a4312bdbcda6c
a9110067848cc619efde27f6f2da67670c75044925448f4937e14a6180fb42fa,R142_0007,ORG,institutional_terms,Senato,Senato,text_diplomatic,3129,3135,"concessa a questa natione, et alla Ponentina co’l Senato del 1590 a 20 Zugno privilegio et essentione per ",NER_authority,pending_expert_validation,proposed,fed10666741dce03bc3700e238c4f341ff318519caf5ff3d17c535a48e42437c,rules-ner-1,aab4bde042c44e48e5dd7eaaf862d97e6b82c4fbcf48b269781a4312bdbcda6c
f0767035ea2dad113d10a2dc2539027fcb0d8bd4ad5351d100ff7472d0723015,R142_0007,ORG,institutional_terms,Senato,Senato,text_diplomatic,3727,3733,arito quelli che devono esser sottoposti preso in Senato a 27 luglio 1589. Onde per queste vie si sono agg,NER_authority,pending_expert_validation,proposed,fed10666741dce03bc3700e238c4f341ff318519caf5ff3d17c535a48e42437c,rules-ner-1,aab4bde042c44e48e5dd7eaaf862d97e6b82c4fbcf48b269781a4312bdbcda6c
a094456618304bc6fd3230dc3ac1a98016df9b648565108c00942d85ffee907b,R142_0007,PER,actors,Iosua Ferro,Iosua Ferro,marginal_note_raw,0,11,Iosua Ferro per li hebrei levantini et ponentini circa la tan,NER_person_name,pending_expert_validation,unresolved,a6fbc514720785cb88c316d403b0199c2e07e9ee29d0c96484f8a0aa733926dc,rules-ner-1,aab4bde042c44e48e5dd7eaaf862d97e6b82c4fbcf48b269781a4312bdbcda6c
a96d0ea2292cd7a6497e9ba8b8fe78d95d2a41e77b7199b427941edf93623b7a,R142_0007,PER,actors,Domenego Lion,Domenego Lion,signatories_raw,0,13,"Domenego Lion, Marco Bar°, Fantin Diedo, Piero Soranzo; ab. il ",NER_person_name,pending_expert_validation,unresolved,e6c862ca22ff1117ba1990b82612bbf0c64ee036fe6b3d726cc8b3e4923c1ad3,rules-ner-1,aab4bde042c44e48e5dd7eaaf862d97e6b82c4fbcf48b269781a4312bdbcda6c
266dadf5332fbf6f3ef6d2098e7a1060472ace266a1bbcbe92271c60843d1f6c,R142_0007,PER,actors,Marco Bar,Marco Bar,signatories_raw,15,24,"Domenego Lion, Marco Bar°, Fantin Diedo, Piero Soranzo; ab. il cl° Mocenig",NER_person_name,pending_expert_validation,unresolved,e6c862ca22ff1117ba1990b82612bbf0c64ee036fe6b3d726cc8b3e4923c1ad3,rules-ner-1,aab4bde042c44e48e5dd7eaaf862d97e6b82c4fbcf48b269781a4312bdbcda6c
18310dee623e9ea77ff2ae9f809c1035961b40b0c16754582af09e1bb5f5c514,R142_0007,PER,actors,Fantin Diedo,Fantin Diedo,signatories_raw,27,39,"Domenego Lion, Marco Bar°, Fantin Diedo, Piero Soranzo; ab. il cl° Mocenigo",NER_person_name,pending_expert_validation,unresolved,e6c862ca22ff1117ba1990b82612bbf0c64ee036fe6b3d726cc8b3e4923c1ad3,rules-ner-1,aab4bde042c44e48e5dd7eaaf862d97e6b82c4fbcf48b269781a4312bdbcda6c
75181dc85354a523b9e00a59ac03052dabd569cf3b41c8885e37d23b7becc16e,R142_0007,PER,actors,Piero Soranzo,Piero Soranzo,signatories_raw,41,54,"Domenego Lion, Marco Bar°, Fantin Diedo, Piero Soranzo; ab. il cl° Mocenigo",NER_person_name,pending_expert_validation,unresolved,e6c862ca22ff1117ba1990b82612bbf0c64ee036fe6b3d726cc8b3e4923c1ad3,rules-ner-1,aab4bde042c44e48e5dd7eaaf862d97e6b82c4fbcf48b269781a4312bdbcda6c
48818068b7c9de72239c083f5c9e439f889459af8bf3e03acc78c838a14d485c,R142_0008,PER,actors,Z. Piero,Z. Piero,text_diplomatic,36,44,"Rispondendo noi etc alla supp.ne di Z. Piero, Giacomo Antonio, et Ch.ro Annoni mercanti Milane",NER_person_context,pending_expert_validation,unresolved,48c20144a20e15ebec4ca8dae1c8a0013369aa29ab975a0572e5ea53b10b25d0,rules-ner-1,aab4bde042c44e48e5dd7eaaf862d97e6b82c4fbcf48b269781a4312bdbcda6c
78ce39f87ce29204375c25187cc91c6550b45473f9244ee74fea5ce5bc5d4cab,R142_0008,PER,actors,Giacomo Antonio,Giacomo Antonio,text_diplomatic,46,61,"Rispondendo noi etc alla supp.ne di Z. Piero, Giacomo Antonio, et Ch.ro Annoni mercanti Milanesi, per la quale ",NER_person_name,pending_expert_validation,unresolved,48c20144a20e15ebec4ca8dae1c8a0013369aa29ab975a0572e5ea53b10b25d0,rules-ner-1,aab4bde042c44e48e5dd7eaaf862d97e6b82c4fbcf48b269781a4312bdbcda6c
8867a6ae9ccc07642fb3273a9ff80e4a1b3961517c75fd04c07b7d36fd9710b4,R142_0008,PER,actors,Andrea di Uberto Bressano,Andrea di Uberto Bressano,text_diplomatic,137,162," Milanesi, per la quale ricercano in compagnia di Andrea di Uberto Bressano, che dalla S.tà V. gli siano concesse lettere pat",NER_person_name,pending_expert_validation,unresolved,48c20144a20e15ebec4ca8dae1c8a0013369aa29ab975a0572e5ea53b10b25d0,rules-ner-1,aab4bde042c44e48e5dd7eaaf862d97e6b82c4fbcf48b269781a4312bdbcda6c
12e90cd7c979b0b04c0d296ae4c0e8628845d478aab89d1fe5eb3c358e7f7812,R142_0008,ORG,institutional_terms,Senato,Senato,text_diplomatic,490,496,"o alla S.ta V. come per deliberatione dell'ecc.mo Senato di 11 xmbre 1449, prettendendo li datiari di Berg",NER_authority,pending_expert_validation,proposed,48c20144a20e15ebec4ca8dae1c8a0013369aa29ab975a0572e5ea53b10b25d0,rules-ner-1,aab4bde042c44e48e5dd7eaaf862d97e6b82c4fbcf48b269781a4312bdbcda6c
1715ae48b68a56b25fa350ab247ce6b044cba48ccca944420ef9acd29a811ee4,R142_0008,LOC,geography,Bergamo,Bergamo,text_diplomatic,542,549,"nato di 11 xmbre 1449, prettendendo li datiari di Bergamo, che delle mercantie estratte di questa città si ",NER_authority,pending_expert_validation,proposed,48c20144a20e15ebec4ca8dae1c8a0013369aa29ab975a0572e5ea53b10b25d0,rules-ner-1,aab4bde042c44e48e5dd7eaaf862d97e6b82c4fbcf48b269781a4312bdbcda6c
8e1ce3625f55936ccfff2ad2ef8cf6eaf15c063e25d4ae820cdd2bb2b624bea9,R142_0008,LOC,geography,Bergamo,Bergamo,text_diplomatic,619,626,"e estratte di questa città si pagasse il datio di Bergamo fu scritto all'hora, che li conducenti, che faces",NER_authority,pending_expert_validation,proposed,48c20144a20e15ebec4ca8dae1c8a0013369aa29ab975a0572e5ea53b10b25d0,rules-ner-1,aab4bde042c44e48e5dd7eaaf862d97e6b82c4fbcf48b269781a4312bdbcda6c
2b519792f5a01f3aea954954a30c36e66e8eedf9f19c70999050f90be5bc4581,R142_0008,LOC,geography,Padova,Padoa,text_diplomatic,901,906,"uo loco, et fu anco commesso alli Rettori suoi di Padoa Vicenza Verona, Bressa, et Giara d'Adda et succ.r",NER_authority,pending_expert_validation,proposed,48c20144a20e15ebec4ca8dae1c8a0013369aa29ab975a0572e5ea53b10b25d0,rules-ner-1,aab4bde042c44e48e5dd7eaaf862d97e6b82c4fbcf48b269781a4312bdbcda6c
f130fbc9090ddb15c5b6fe2363223e74e1c49f8fd0c823e9ebc88b26e942fa02,R142_0008,LOC,geography,Verona,Verona,text_diplomatic,915,921," anco commesso alli Rettori suoi di Padoa Vicenza Verona, Bressa, et Giara d'Adda et succ.ri che cosi dove",NER_authority,pending_expert_validation,proposed,48c20144a20e15ebec4ca8dae1c8a0013369aa29ab975a0572e5ea53b10b25d0,rules-ner-1,aab4bde042c44e48e5dd7eaaf862d97e6b82c4fbcf48b269781a4312bdbcda6c
68013206202ca91b93de6f96761cabd906703475a11962ccf7d2057e631d2045,R142_0008,PER,actors,Domenego Lion,Domenego Lion,signatories_raw,0,13,"Domenego Lion, Marco Gradenigo, Piero Soranzo",NER_person_name,pending_expert_validation,unresolved,fa5c65b66b249160e03caf6b2a77126ede43f082af22585a85f28ad8c4eb1892,rules-ner-1,aab4bde042c44e48e5dd7eaaf862d97e6b82c4fbcf48b269781a4312bdbcda6c
8e586c10cd711be2e6a29f72b0bdf815c2d0fdb2a87deb11ebb389f39d693421,R142_0008,PER,actors,Marco Gradenigo,Marco Gradenigo,signatories_raw,15,30,"Domenego Lion, Marco Gradenigo, Piero Soranzo",NER_person_name,pending_expert_validation,unresolved,fa5c65b66b249160e03caf6b2a77126ede43f082af22585a85f28ad8c4eb1892,rules-ner-1,aab4bde042c44e48e5dd7eaaf862d97e6b82c4fbcf48b269781a4312bdbcda6c
16abeefa0afe56acbf82e3f47b7cb0738548f50610f9300e02de9b51c5b693e5,R142_0008,PER,actors,Piero Soranzo,Piero Soranzo,signatories_raw,32,45,"Domenego Lion, Marco Gradenigo, Piero Soranzo",NER_person_name,pending_expert_validation,unresolved,fa5c65b66b249160e03caf6b2a77126ede43f082af22585a85f28ad8c4eb1892,rules-ner-1,aab4bde042c44e48e5dd7eaaf862d97e6b82c4fbcf48b269781a4312bdbcda6c
3cd8e84c825916f1fbd0939bccc9a4ec76c767d066acaba12f9077626f6b15f8,R142_0010,PER,actors,Ottavio dall'oglio,Ottavio dall'oglio,text_diplomatic,25,43,"La supp[licatio]ne di D. Ottavio dall'oglio, nella quale narrando li danni et maleficij, che ",NER_person_context,pending_expert_validation,unresolved,502a8e72a7189410684d4b38da1f5d12723949e6a583a7a137ba179f7ca67d03,rules-ner-1,aab4bde042c44e48e5dd7eaaf862d97e6b82c4fbcf48b269781a4312bdbcda6c
23334119b6a16dc21d51a54f5cf9b98522d0adacb18efa1d14097b6a70dc6f80,R142_0010,LOC,geography,Spalato,Spalato,text_diplomatic,198,205,"n dell'infelice progresso di peste nella città di Spalato con beneficio importante della scala di Ragusi, r",NER_authority,pending_expert_validation,proposed,502a8e72a7189410684d4b38da1f5d12723949e6a583a7a137ba179f7ca67d03,rules-ner-1,aab4bde042c44e48e5dd7eaaf862d97e6b82c4fbcf48b269781a4312bdbcda6c
3824e4d88c69f6884b1d16ceca69709434643fe83128f4fea6b46c05f99853e6,R142_0010,LOC,geography,Ragusa,Ragusi,text_diplomatic,246,252,"i Spalato con beneficio importante della scala di Ragusi, ricercando che si procuri l'avviamento delli m[e",NER_authority,pending_expert_validation,proposed,502a8e72a7189410684d4b38da1f5d12723949e6a583a7a137ba179f7ca67d03,rules-ner-1,aab4bde042c44e48e5dd7eaaf862d97e6b82c4fbcf48b269781a4312bdbcda6c
9b319b3b9ca624298ec7a67c644e23b788cfcbf77ce82ea82fbc5663add90ef9,R142_0010,LOC,geography,Narenta,Narenta,text_diplomatic,336,343,"amento delli m[ercan]tie per hora per la scala di Narenta, per le ragioni, et cause in essa dichiarite è st",NER_authority,pending_expert_validation,proposed,502a8e72a7189410684d4b38da1f5d12723949e6a583a7a137ba179f7ca67d03,rules-ner-1,aab4bde042c44e48e5dd7eaaf862d97e6b82c4fbcf48b269781a4312bdbcda6c
c41e19b233392c37ca2a2ecd4631aa2248c40bee88d7f32cf7f680ae1b40157e,R142_0010,LOC,geography,Spalato,Spalato,text_diplomatic,862,869,ereni]tà V[ost]ra la introduttione della scala di Spalato et per gratia del s[igno]r Dio quella era ridotta,NER_authority,pending_expert_validation,proposed,502a8e72a7189410684d4b38da1f5d12723949e6a583a7a137ba179f7ca67d03,rules-ner-1,aab4bde042c44e48e5dd7eaaf862d97e6b82c4fbcf48b269781a4312bdbcda6c
3ef429a343f418d32b9b10655dd7060f66b20e50e0defd4f7483243ae916e925,R142_0010,LOC,geography,Ragusa,Ragusi,text_diplomatic,1545,1551,"ubbio alc[un]o che si è divertito per la scala di Ragusi, di dove si ben ne sono capitate in q[ues]ta citt",NER_authority,pending_expert_validation,proposed,502a8e72a7189410684d4b38da1f5d12723949e6a583a7a137ba179f7ca67d03,rules-ner-1,aab4bde042c44e48e5dd7eaaf862d97e6b82c4fbcf48b269781a4312bdbcda6c
ad282255bf34ef052eb522377d707b1a18709667644094e3dcd9c9b6d63bac1e,R142_0010,LOC,geography,Ragusa,Ragusi,text_diplomatic,1679,1685,"te però la ragion vuole, che sia stato mandato da Ragusi in Ancona, Messina, Napoli et Livorno con benefic",NER_authority,pending_expert_validation,proposed,502a8e72a7189410684d4b38da1f5d12723949e6a583a7a137ba179f7ca67d03,rules-ner-1,aab4bde042c44e48e5dd7eaaf862d97e6b82c4fbcf48b269781a4312bdbcda6c
eb61eba1674b73c7c36c0fc5bcef9cd62fe008cb1c01403c8872fa147caad352,R142_0010,LOC,geography,Ancona,Ancona,text_diplomatic,1689,1695," ragion vuole, che sia stato mandato da Ragusi in Ancona, Messina, Napoli et Livorno con beneficio notabil",NER_authority,pending_expert_validation,proposed,502a8e72a7189410684d4b38da1f5d12723949e6a583a7a137ba179f7ca67d03,rules-ner-1,aab4bde042c44e48e5dd7eaaf862d97e6b82c4fbcf48b269781a4312bdbcda6c
12e50e6aa53673a05b5571c14131d11d7c73892237ed34130ebc444a346e9c74,R142_0010,LOC,geography,Napoli,Napoli,text_diplomatic,1706,1712,"e sia stato mandato da Ragusi in Ancona, Messina, Napoli et Livorno con beneficio notabile delli loro dati",NER_authority,pending_expert_validation,proposed,502a8e72a7189410684d4b38da1f5d12723949e6a583a7a137ba179f7ca67d03,rules-ner-1,aab4bde042c44e48e5dd7eaaf862d97e6b82c4fbcf48b269781a4312bdbcda6c
440364e0614a09c7eeee13f93dd55d463ad4c8f9e42e951c56f9a677dbe97f36,R142_0010,LOC,geography,Spalato,Spalato,text_diplomatic,1865,1872,"dosi nova alcuna certa, che siino p[er] capitar a Spalato mercantie tutto questo negotio la ragion vuole, c",NER_authority,pending_expert_validation,proposed,502a8e72a7189410684d4b38da1f5d12723949e6a583a7a137ba179f7ca67d03,rules-ner-1,aab4bde042c44e48e5dd7eaaf862d97e6b82c4fbcf48b269781a4312bdbcda6c
6c8ebcbf2fed549c92ac0148d807c69fa59113fc85c62b335d10c6be2c4cb0c4,R142_0010,LOC,geography,Spalato,Spalato,text_diplomatic,2061,2068, con donativi la destruttion di q[ue]lla scala di Spalato cosi al presente co'l occasione della peste hanno,NER_authority,pending_expert_validation,proposed,502a8e72a7189410684d4b38da1f5d12723949e6a583a7a137ba179f7ca67d03,rules-ner-1,aab4bde042c44e48e5dd7eaaf862d97e6b82c4fbcf48b269781a4312bdbcda6c
8d1308b895987af66c099550f107c773eb17ec76ec6bf004405f469ba7c3b763,R142_0010,LOC,geography,Spalato,Spalato,text_diplomatic,2544,2551,"e principale cause, che fu introdotta la scala di Spalato, con la quale la scala di Narenta fu del tutto de",NER_authority,pending_expert_validation,proposed,502a8e72a7189410684d4b38da1f5d12723949e6a583a7a137ba179f7ca67d03,rules-ner-1,aab4bde042c44e48e5dd7eaaf862d97e6b82c4fbcf48b269781a4312bdbcda6c
90a5a85e297557f1a3a68d7d8d94914be3f41b66bb8e982f56a2a1422d4f5b65,R142_0010,LOC,geography,Narenta,Narenta,text_diplomatic,2578,2585,"tta la scala di Spalato, con la quale la scala di Narenta fu del tutto destrutta et le m[ercan]tie che sole",NER_authority,pending_expert_validation,proposed,502a8e72a7189410684d4b38da1f5d12723949e6a583a7a137ba179f7ca67d03,rules-ner-1,aab4bde042c44e48e5dd7eaaf862d97e6b82c4fbcf48b269781a4312bdbcda6c
9cc5c8d0949d0d2a6cb3a56f5666ec52a7d65e162f6c6a485d87598a3c278eb5,R142_0010,LOC,geography,Ragusa,Ragusi,text_diplomatic,2650,2656,estrutta et le m[ercan]tie che solevano capitar a Ragusi grandem[en]te diminuite. Hora havendo noi da disc,NER_authority,pending_expert_validation,proposed,502a8e72a7189410684d4b38da1f5d12723949e6a583a7a137ba179f7ca67d03,rules-ner-1,aab4bde042c44e48e5dd7eaaf862d97e6b82c4fbcf48b269781a4312bdbcda6c
b4ff911a3a62ae4091b04e1755c63afcff042c130c57ec0de20ba33457d5ed72,R142_0010,LOC,geography,Spalato,Spalato,text_diplomatic,2766,2773,"stato dei tempi p[rese]nti, vedendosi la scala di Spalato [29r] del tutto si può dir desviata a favor de Ra",NER_authority,pending_expert_validation,proposed,502a8e72a7189410684d4b38da1f5d12723949e6a583a7a137ba179f7ca67d03,rules-ner-1,aab4bde042c44e48e5dd7eaaf862d97e6b82c4fbcf48b269781a4312bdbcda6c
e5b99d4e3bd4d3cd1a2a49436e2a6033b04ae24190add465d8d127f2c98bb54a,R142_0010,LOC,geography,Narenta,Narenta,text_diplomatic,2995,3002,servitio publico l'introdurre di novo la scala di Narenta p[er] il beneficio che se ne suole ricever da ess,NER_authority,pending_expert_validation,proposed,502a8e72a7189410684d4b38da1f5d12723949e6a583a7a137ba179f7ca67d03,rules-ner-1,aab4bde042c44e48e5dd7eaaf862d97e6b82c4fbcf48b269781a4312bdbcda6c
c2acf9f752162f3e3e3243a15dc376897a73e53d5a59920d067c63a721462217,R142_0010,LOC,geography,Ragusa,Ragusi,text_diplomatic,3128,3134,"tie che capiteranno a quella scala, deviandosi da Ragusi si sarà sicuri, che tutte esse m[ercan]tie venira",NER_authority,pending_expert_validation,proposed,502a8e72a7189410684d4b38da1f5d12723949e6a583a7a137ba179f7ca67d03,rules-ner-1,aab4bde042c44e48e5dd7eaaf862d97e6b82c4fbcf48b269781a4312bdbcda6c
e3021cbf5ab0e4e4f98cdf0b31c8fed2ac266534cf6a1e422d62c044a3f89121,R142_0010,LOC,geography,Venezia,Venetia,text_diplomatic,3190,3197,"rà sicuri, che tutte esse m[ercan]tie veniranno a Venetia, come solevano già p[er] li anni a dietro, et si ",NER_authority,pending_expert_validation,proposed,502a8e72a7189410684d4b38da1f5d12723949e6a583a7a137ba179f7ca67d03,rules-ner-1,aab4bde042c44e48e5dd7eaaf862d97e6b82c4fbcf48b269781a4312bdbcda6c
0959ff9d830f7e701da12b67657afcfdc690ac483773506b14476ff671cee6cb,R142_0010,LOC,geography,Spalato,Spalato,text_diplomatic,3349,3356,"[igno]r Dio più facilm[en]te dismetter tornando a Spalato nel suo stato, che non facendosi altra provisione",NER_authority,pending_expert_validation,proposed,502a8e72a7189410684d4b38da1f5d12723949e6a583a7a137ba179f7ca67d03,rules-ner-1,aab4bde042c44e48e5dd7eaaf862d97e6b82c4fbcf48b269781a4312bdbcda6c
4c56bb8770cccaf56272d48f73a95485c29ac988ba4075ba79801b6fe130118a,R142_0010,LOC,geography,Ragusa,Ragusi,text_diplomatic,3452,3458,"ione resterà poi difficilissima la deviatione per Ragusi. Siamo però di opinione, che sia bene il procurar",NER_authority,pending_expert_validation,proposed,502a8e72a7189410684d4b38da1f5d12723949e6a583a7a137ba179f7ca67d03,rules-ner-1,aab4bde042c44e48e5dd7eaaf862d97e6b82c4fbcf48b269781a4312bdbcda6c
a4c025f42d4bedf5b7c1e290ea8b8c9cc19219f772f017f3c9e698f70a19e580,R142_0010,LOC,geography,Narenta,Narenta,text_diplomatic,3539,3546,ia bene il procurar l'avviamento de essa scala di Narenta con q[ue]lle provisioni che pareranno alla S[eren,NER_authority,pending_expert_validation,proposed,502a8e72a7189410684d4b38da1f5d12723949e6a583a7a137ba179f7ca67d03,rules-ner-1,aab4bde042c44e48e5dd7eaaf862d97e6b82c4fbcf48b269781a4312bdbcda6c
aea59ef347335a869c7702501488a24900e8f9fb633e3334ee0e0453bc41371e,R142_0010,LOC,geography,Spalato,Spalato,text_diplomatic,3687,3694," alle bocche di quella fiumara, fino a tanto, che Spalato ritorni nella sua pristina sanità, et ciò le dice",NER_authority,pending_expert_validation,proposed,502a8e72a7189410684d4b38da1f5d12723949e6a583a7a137ba179f7ca67d03,rules-ner-1,aab4bde042c44e48e5dd7eaaf862d97e6b82c4fbcf48b269781a4312bdbcda6c
b64dc7facbd556a87a5b14495f8aed047753973cfa050bdaa61730625a84a203,R142_0010,PER,actors,Nicolò Vidali,Nicolò Vidali,text_diplomatic,4048,4061,"ntia che fu già concessa per partito al q[uondam] Nicolò Vidali, che per quanto siamo informati non successe dist",NER_person_context,pending_expert_validation,unresolved,502a8e72a7189410684d4b38da1f5d12723949e6a583a7a137ba179f7ca67d03,rules-ner-1,aab4bde042c44e48e5dd7eaaf862d97e6b82c4fbcf48b269781a4312bdbcda6c
d3fd4801b32d1cfd7220c57111b895b4e70cb882df7b7e94f6f9f6e3caba3d5f,R142_0010,LOC,geography,Spalato,Spalato,text_diplomatic,4177,4184,"tendosi anco quando capitasse qualche mercantia a Spalato, mandar come si è fatto, a tuorle con vassello to",NER_authority,pending_expert_validation,proposed,502a8e72a7189410684d4b38da1f5d12723949e6a583a7a137ba179f7ca67d03,rules-ner-1,aab4bde042c44e48e5dd7eaaf862d97e6b82c4fbcf48b269781a4312bdbcda6c
092e033a572ba0452ab0adff22fcce9620fc93746cf5d574c1120955bb759f75,R142_0010,LOC,geography,Ragusa,Ragusi,text_diplomatic,4281,4287," tondo per desviar totalmente il viaggio detto di Ragusi, et ciò ancora li dicemo con nostro giuramento.",NER_authority,pending_expert_validation,proposed,502a8e72a7189410684d4b38da1f5d12723949e6a583a7a137ba179f7ca67d03,rules-ner-1,aab4bde042c44e48e5dd7eaaf862d97e6b82c4fbcf48b269781a4312bdbcda6c
c8d360c49a6eed47168e473be2e69fe6b7ab72298e636563e7ab7964a9200070,R142_0010,PER,actors,Ott[avi]o dall'oglio,Ott[avi]o dall'oglio,marginal_note_raw,3,23,D. Ott[avi]o dall'oglio p[er] la scala di Narenta et Spalato et Ragusi,NER_person_context,pending_expert_validation,unresolved,6c1287de17dd495e752b4014813d4a436edde2fed4b877abc0afddfc43d80185,rules-ner-1,aab4bde042c44e48e5dd7eaaf862d97e6b82c4fbcf48b269781a4312bdbcda6c
4289349f96b1a89b78fbe19e5a7658886f585831b8ce7608f966ac78121a5e64,R142_0010,LOC,geography,Narenta,Narenta,marginal_note_raw,42,49,D. Ott[avi]o dall'oglio p[er] la scala di Narenta et Spalato et Ragusi,NER_authority,pending_expert_validation,proposed,6c1287de17dd495e752b4014813d4a436edde2fed4b877abc0afddfc43d80185,rules-ner-1,aab4bde042c44e48e5dd7eaaf862d97e6b82c4fbcf48b269781a4312bdbcda6c
befcff12ca4e74ea37ff26dfc372fb5b66c99eba2fdb7888e49849570a4a88c7,R142_0010,LOC,geography,Spalato,Spalato,marginal_note_raw,53,60,Ott[avi]o dall'oglio p[er] la scala di Narenta et Spalato et Ragusi,NER_authority,pending_expert_validation,proposed,6c1287de17dd495e752b4014813d4a436edde2fed4b877abc0afddfc43d80185,rules-ner-1,aab4bde042c44e48e5dd7eaaf862d97e6b82c4fbcf48b269781a4312bdbcda6c
fce5d1c674de2c701a7f95aae33955f3f6040ef54d8dff6f7eed79c3a8e5ae60,R142_0010,LOC,geography,Ragusa,Ragusi,marginal_note_raw,64,70,all'oglio p[er] la scala di Narenta et Spalato et Ragusi,NER_authority,pending_expert_validation,proposed,6c1287de17dd495e752b4014813d4a436edde2fed4b877abc0afddfc43d80185,rules-ner-1,aab4bde042c44e48e5dd7eaaf862d97e6b82c4fbcf48b269781a4312bdbcda6c
3fcbb4217fed2b4607c02873f01f5665aa3b52a1bd882c1942682b2cc220aa4c,R142_0010,PER,actors,Domenego Lion,Domenego Lion,signatories_raw,3,16,D. Domenego Lion / D. Toma Moro ] qui,NER_person_context,pending_expert_validation,unresolved,0134c6e72e15d9f3084e20869ae754472f981f58640d1359bc5b272bd46700d0,rules-ner-1,aab4bde042c44e48e5dd7eaaf862d97e6b82c4fbcf48b269781a4312bdbcda6c
ff75a4c0235b4bc345c5e73be48695660621980e79c399557467725c99a0d01a,R142_0010,PER,actors,Toma Moro,Toma Moro,signatories_raw,22,31,D. Domenego Lion / D. Toma Moro ] qui,NER_person_context,pending_expert_validation,unresolved,0134c6e72e15d9f3084e20869ae754472f981f58640d1359bc5b272bd46700d0,rules-ner-1,aab4bde042c44e48e5dd7eaaf862d97e6b82c4fbcf48b269781a4312bdbcda6c
3103c81584caf6b0a3963e2357f3cc700b49b1bea7d0317a5e8c3985a9c02a3e,R142_0011,PER,actors,Ott[avi]o dall'oglio,Ott[avi]o dall'oglio,text_diplomatic,25,45,"La supp[licatio]ne di D. Ott[avi]o dall'oglio, per la quale nascendo li damni, et malificij che",NER_person_context,pending_expert_validation,unresolved,3ec892c91d02744cad6a03272094a4c6c080baa5619889c001ade37209c4c68f,rules-ner-1,aab4bde042c44e48e5dd7eaaf862d97e6b82c4fbcf48b269781a4312bdbcda6c
630dd7c9a47bceef666881fc3765865b92d307bc99cceffd82a436e70a5c70d6,R142_0011,LOC,geography,Spalato,Spalato,text_diplomatic,202,209,"n dell'Infelice progresso di peste nella citta di Spalato con beneficio importante per la scala di Ragusi, ",NER_authority,pending_expert_validation,proposed,3ec892c91d02744cad6a03272094a4c6c080baa5619889c001ade37209c4c68f,rules-ner-1,aab4bde042c44e48e5dd7eaaf862d97e6b82c4fbcf48b269781a4312bdbcda6c
511689d86be7bdd172e3aedc224b885f37cb8697335e2b5ac328889311881019,R142_0011,LOC,geography,Ragusa,Ragusi,text_diplomatic,251,257," Spalato con beneficio importante per la scala di Ragusi, ricercando che si procuri l'auuiamento delle mer",NER_authority,pending_expert_validation,proposed,3ec892c91d02744cad6a03272094a4c6c080baa5619889c001ade37209c4c68f,rules-ner-1,aab4bde042c44e48e5dd7eaaf862d97e6b82c4fbcf48b269781a4312bdbcda6c
dd72e81677aa8b52cdb9cc9650598523fc808d33eb1b4520e8f28c95cf580ed7,R142_0011,LOC,geography,Narenta,Narenta,text_diplomatic,339,346,"uiamento delle mercantie per hora per la scala di Narenta per le ragioni, et cause in essa supp[licatio]ne ",NER_authority,pending_expert_validation,proposed,3ec892c91d02744cad6a03272094a4c6c080baa5619889c001ade37209c4c68f,rules-ner-1,aab4bde042c44e48e5dd7eaaf862d97e6b82c4fbcf48b269781a4312bdbcda6c
587be5e7cab78d8acc7e9acc6a4a10628dddbe88288774e2cf51563b7d90d6b4,R142_0011,PER,actors,Piero Soranzo,Piero Soranzo,text_diplomatic,422,435,"in essa supp[licatio]ne dichiarite, è stata da me Piero Soranzo sauio alla m[ercan]tia ueduta et considerata, int",NER_person_name,pending_expert_validation,unresolved,3ec892c91d02744cad6a03272094a4c6c080baa5619889c001ade37209c4c68f,rules-ner-1,aab4bde042c44e48e5dd7eaaf862d97e6b82c4fbcf48b269781a4312bdbcda6c
b93b489d60a3316739744fe19fae2c57efe2ce39994bf478937429430c7e7d16,R142_0011,LOC,geography,Narenta,Narenta,text_diplomatic,689,696," potuto, le dico che il riportar la detta scala a Narenta porta seco molte difficolta et pericoli insieme, ",NER_authority,pending_expert_validation,proposed,3ec892c91d02744cad6a03272094a4c6c080baa5619889c001ade37209c4c68f,rules-ner-1,aab4bde042c44e48e5dd7eaaf862d97e6b82c4fbcf48b269781a4312bdbcda6c
319b05145d2055af8f62ff056eaa4ac3c5a43a6031d31a2e87a078bac6cde6ba,R142_0011,LOC,geography,Spalato,Spalato,text_diplomatic,1782,1789,"]tà V[ostra] far inuiar detta galea alla scala di Spalato con quelle sigurtà di sanita, che a lei paresse, ",NER_authority,pending_expert_validation,proposed,3ec892c91d02744cad6a03272094a4c6c080baa5619889c001ade37209c4c68f,rules-ner-1,aab4bde042c44e48e5dd7eaaf862d97e6b82c4fbcf48b269781a4312bdbcda6c
387b9d6c81036b5840feb5f9022f3d7143c00d668a9b1302bcd7d1c812484e75,R142_0011,LOC,geography,Spalato,Spalato,text_diplomatic,2180,2187,"osi dilatata la fama, che era peste per gionger a Spalato un altro vassello con mercantie mandato da Veneti",NER_authority,pending_expert_validation,proposed,3ec892c91d02744cad6a03272094a4c6c080baa5619889c001ade37209c4c68f,rules-ner-1,aab4bde042c44e48e5dd7eaaf862d97e6b82c4fbcf48b269781a4312bdbcda6c
35457e5c506408f1269b7393e3b1b17cfae6582efe3e3e613da2b01f9301c95b,R142_0011,LOC,geography,Venezia,Venetia,text_diplomatic,2231,2238,"palato un altro vassello con mercantie mandato da Venetia per commodita di quelli mercanti, che in detta do",NER_authority,pending_expert_validation,proposed,3ec892c91d02744cad6a03272094a4c6c080baa5619889c001ade37209c4c68f,rules-ner-1,aab4bde042c44e48e5dd7eaaf862d97e6b82c4fbcf48b269781a4312bdbcda6c
58aa44833f5244e8d008708fb5583363497abc56ec979c1bcfee4c7022e8b05d,R142_0011,LOC,geography,Ragusa,Ragusi,text_diplomatic,2661,2667,"r che sia al quanto impedita, et incaminata uerso Ragusi, ma conosciuto che haueranno i mercanti il grand[",NER_authority,pending_expert_validation,proposed,3ec892c91d02744cad6a03272094a4c6c080baa5619889c001ade37209c4c68f,rules-ner-1,aab4bde042c44e48e5dd7eaaf862d97e6b82c4fbcf48b269781a4312bdbcda6c
519e71e8d5b92758b1189ced5b5033e6fa7da52286172dc6d1ca75124eb67359,R142_0011,LOC,geography,Ragusa,Ragusi,text_diplomatic,2910,2916,"e la contumacia, come se non l'hauessero fatta in Ragusi, per tutte le dette cause giudico che torneran[n]",NER_authority,pending_expert_validation,proposed,3ec892c91d02744cad6a03272094a4c6c080baa5619889c001ade37209c4c68f,rules-ner-1,aab4bde042c44e48e5dd7eaaf862d97e6b82c4fbcf48b269781a4312bdbcda6c
2d54e8c4edf53e4f4f17ce08611b7d3aa3908d57d3e18b67d85ebd5a69c3394b,R142_0011,LOC,geography,Spalato,Spalato,text_diplomatic,2993,3000,"giudico che torneran[n]o a frequentar la scala di Spalato, e tanti piu quanto che per le ultime de esso pro",NER_authority,pending_expert_validation,proposed,3ec892c91d02744cad6a03272094a4c6c080baa5619889c001ade37209c4c68f,rules-ner-1,aab4bde042c44e48e5dd7eaaf862d97e6b82c4fbcf48b269781a4312bdbcda6c
9bec2877e9c28e620eafb88d3e132e3cffabfe13dbd02d255b9d653bb77860d4,R142_0011,PER,actors,Ott[avi]o Dall'Oglio,Ott[avi]o Dall'Oglio,marginal_note_raw,0,20,Ott[avi]o Dall'Oglio per la scala di Narenta Spalato Ragusi,NER_person_name,pending_expert_validation,unresolved,c5fbdadad14820887f8a0d7b01a75fd756a56643be3258033fbb3c42199eddf0,rules-ner-1,aab4bde042c44e48e5dd7eaaf862d97e6b82c4fbcf48b269781a4312bdbcda6c
3a7e3129cec0227800552c2815655aebb72e4b11067bf159d922e8714421c24d,R142_0011,LOC,geography,Narenta,Narenta,marginal_note_raw,37,44,Ott[avi]o Dall'Oglio per la scala di Narenta Spalato Ragusi,NER_authority,pending_expert_validation,proposed,c5fbdadad14820887f8a0d7b01a75fd756a56643be3258033fbb3c42199eddf0,rules-ner-1,aab4bde042c44e48e5dd7eaaf862d97e6b82c4fbcf48b269781a4312bdbcda6c
8d3d6baccc8cce4d76e556ffa4d1ee32295ac80a279b63f87b566f84c83d850e,R142_0011,LOC,geography,Spalato,Spalato,marginal_note_raw,45,52,Ott[avi]o Dall'Oglio per la scala di Narenta Spalato Ragusi,NER_authority,pending_expert_validation,proposed,c5fbdadad14820887f8a0d7b01a75fd756a56643be3258033fbb3c42199eddf0,rules-ner-1,aab4bde042c44e48e5dd7eaaf862d97e6b82c4fbcf48b269781a4312bdbcda6c
19995f5f78f3c952b3a3e5d77cfd8cc45a404cdad78b9b645b6c57691738d6ce,R142_0011,LOC,geography,Ragusa,Ragusi,marginal_note_raw,53,59,[avi]o Dall'Oglio per la scala di Narenta Spalato Ragusi,NER_authority,pending_expert_validation,proposed,c5fbdadad14820887f8a0d7b01a75fd756a56643be3258033fbb3c42199eddf0,rules-ner-1,aab4bde042c44e48e5dd7eaaf862d97e6b82c4fbcf48b269781a4312bdbcda6c
3551275b8534f62019ef79617d722b974e15d436284505170142f7c505ded793,R142_0011,PER,actors,Piero Soranzo,Piero Soranzo,signatories_raw,3,16,D. Piero Soranzo,NER_person_context,pending_expert_validation,unresolved,c5b122a2f926ef03d56adcb05231cf72a2c16f38680a4f643d02fb2d059995dd,rules-ner-1,aab4bde042c44e48e5dd7eaaf862d97e6b82c4fbcf48b269781a4312bdbcda6c
55afa3b883f69224e9669782b3f34530edc53f1a1ba4604fd2da026c46b637ac,R142_0012,PER,actors,Domenego Lion,Domenego Lion,signatories_raw,0,13,"Domenego Lion, Toma Mocenigo, Piero Soranzo",NER_person_name,pending_expert_validation,unresolved,db07b6b85853b82d4284db4ed42ed26d72a59a15e66cc291246f63be814fa798,rules-ner-1,aab4bde042c44e48e5dd7eaaf862d97e6b82c4fbcf48b269781a4312bdbcda6c
43dcb913bb08016e98e00eb173352613fbbcafffeee32874846a96a2ca6981bd,R142_0012,PER,actors,Toma Mocenigo,Toma Mocenigo,signatories_raw,15,28,"Domenego Lion, Toma Mocenigo, Piero Soranzo",NER_person_name,pending_expert_validation,unresolved,db07b6b85853b82d4284db4ed42ed26d72a59a15e66cc291246f63be814fa798,rules-ner-1,aab4bde042c44e48e5dd7eaaf862d97e6b82c4fbcf48b269781a4312bdbcda6c
e814186ef63701f1a7fb2b7d420b92f09c07ac6b1e1eb90103f97d870f8f7bfd,R142_0012,PER,actors,Piero Soranzo,Piero Soranzo,signatories_raw,30,43,"Domenego Lion, Toma Mocenigo, Piero Soranzo",NER_person_name,pending_expert_validation,unresolved,db07b6b85853b82d4284db4ed42ed26d72a59a15e66cc291246f63be814fa798,rules-ner-1,aab4bde042c44e48e5dd7eaaf862d97e6b82c4fbcf48b269781a4312bdbcda6c
39e8c7f3713f003048f76015dc1b8395909362f7bd41e27a21dc65a97dadf1d2,R142_0013,ORG,institutional_terms,Cattaveri,Cattaveri,text_diplomatic,523,532,"tta alla sentenza fatta dalli s[ignori] cataueri [Cattaveri] co[n]tra samuel Dorado, et q[ue]llo, che si comi",NER_authority,pending_expert_validation,proposed,381a2b64b06b19c0d5970b428d0a26ce6bff1be3cdf18d875e827f1bae8225f1,rules-ner-1,aab4bde042c44e48e5dd7eaaf862d97e6b82c4fbcf48b269781a4312bdbcda6c
3b332f0b013f68411f3d21e6bbf59a294a84f3ace2ef0f42a858821cb6974ae3,R142_0013,LOC,geography,Venezia,Venetia,text_diplomatic,963,970,"et merc[an]tie habbino modo di uenir ad habitar a Venetia per importante seruitio delle cose sue, ricceuend",NER_authority,pending_expert_validation,proposed,381a2b64b06b19c0d5970b428d0a26ce6bff1be3cdf18d875e827f1bae8225f1,rules-ner-1,aab4bde042c44e48e5dd7eaaf862d97e6b82c4fbcf48b269781a4312bdbcda6c
3b34f1fd920ea1ef4ccf045833777f42eacf1be3e899b6137b62ba4297e450dd,R142_0013,ORG,institutional_terms,Cattaveri,Cattaueri,text_diplomatic,1979,1988,anco hauendo hauuto ragionamento con li s[igno]ri Cattaueri per il seruitio publico non disenteno da questa o,NER_authority,pending_expert_validation,proposed,381a2b64b06b19c0d5970b428d0a26ce6bff1be3cdf18d875e827f1bae8225f1,rules-ner-1,aab4bde042c44e48e5dd7eaaf862d97e6b82c4fbcf48b269781a4312bdbcda6c
0bac7ab2e9085e26037d7101fe437011dfbe5784ccece0d2439fdec10d673dbe,R142_0013,PER,actors,D[ome]nego Lion,D[ome]nego Lion,signatories_raw,3,18,D. D[ome]nego Lion D. Toma Moc[enig]o D. Piero Soranzo,NER_person_context,pending_expert_validation,unresolved,549dc2a20efdada5f4576f9d2e64e29d5450564949813c2b5a748d2ff7d313f2,rules-ner-1,aab4bde042c44e48e5dd7eaaf862d97e6b82c4fbcf48b269781a4312bdbcda6c
cfdae663b8aee76d80fa46a4958db98e8e11f23a1f289ee29d2a6948fd912e19,R142_0013,PER,actors,Toma Moc[enig]o,Toma Moc[enig]o,signatories_raw,22,37,D. D[ome]nego Lion D. Toma Moc[enig]o D. Piero Soranzo,NER_person_context,pending_expert_validation,unresolved,549dc2a20efdada5f4576f9d2e64e29d5450564949813c2b5a748d2ff7d313f2,rules-ner-1,aab4bde042c44e48e5dd7eaaf862d97e6b82c4fbcf48b269781a4312bdbcda6c
56e4703a6797a74fdb9402ad4ef199cf58289ecec513812ed200aebe6a1310ab,R142_0013,PER,actors,Piero Soranzo,Piero Soranzo,signatories_raw,41,54,D. D[ome]nego Lion D. Toma Moc[enig]o D. Piero Soranzo,NER_person_context,pending_expert_validation,unresolved,549dc2a20efdada5f4576f9d2e64e29d5450564949813c2b5a748d2ff7d313f2,rules-ner-1,aab4bde042c44e48e5dd7eaaf862d97e6b82c4fbcf48b269781a4312bdbcda6c
f859f77e920c80bbfd5a00afc22b8d22a65ae9c3fda5710665afa6ed711c2793,R142_0014,LOC,geography,Cipro,Cipro,text_diplomatic,66,71," li mercanti suoi, che negotiano per li viaggi di Cipro Soria et Alessandria che dalla S.ta V. li sia con",NER_authority,pending_expert_validation,proposed,10a225f19e43de406ea85c676a2cfd7b33f3957ab0d73175b11bab24354d95e2,rules-ner-1,aab4bde042c44e48e5dd7eaaf862d97e6b82c4fbcf48b269781a4312bdbcda6c
0bdc8bdfefbe47467f7ac08d72a899ea93700753cf4855f0d04678eac14af490,R142_0014,LOC,geography,Soria,Soria,text_diplomatic,72,77,"rcanti suoi, che negotiano per li viaggi di Cipro Soria et Alessandria che dalla S.ta V. li sia concessa ",NER_authority,pending_expert_validation,proposed,10a225f19e43de406ea85c676a2cfd7b33f3957ab0d73175b11bab24354d95e2,rules-ner-1,aab4bde042c44e48e5dd7eaaf862d97e6b82c4fbcf48b269781a4312bdbcda6c
d60b2ee46aec0b02b4fc77cc5bb042f54de4f46fc26dcd879a07402d765a8bbd,R142_0014,LOC,geography,Alessandria,Alessandria,text_diplomatic,81,92,"oi, che negotiano per li viaggi di Cipro Soria et Alessandria che dalla S.ta V. li sia concessa licentia per qu",NER_authority,pending_expert_validation,proposed,10a225f19e43de406ea85c676a2cfd7b33f3957ab0d73175b11bab24354d95e2,rules-ner-1,aab4bde042c44e48e5dd7eaaf862d97e6b82c4fbcf48b269781a4312bdbcda6c
50c696e4efec11b761e839dacc6195d561548d171068d504f953083991750442,R142_0014,LOC,geography,Levante,levante,text_diplomatic,2074,2081," altre spese ordinarie et datij, che si pagano in levante, chi vuol far ben il conto di tutti questi aggrav",NER_authority,pending_expert_validation,proposed,10a225f19e43de406ea85c676a2cfd7b33f3957ab0d73175b11bab24354d95e2,rules-ner-1,aab4bde042c44e48e5dd7eaaf862d97e6b82c4fbcf48b269781a4312bdbcda6c
08e5be59d667044fe7e805df8e75ff32b055e2fc8300f16f26c3ff502fd431dc,R142_0014,ORG,institutional_terms,Zecca,Zecca,text_diplomatic,3137,3142,"si potriano prevalere col mezo del banco et della Zecca, ma perche la moneta della S.ta V. non fu mai ric",NER_authority,pending_expert_validation,proposed,10a225f19e43de406ea85c676a2cfd7b33f3957ab0d73175b11bab24354d95e2,rules-ner-1,aab4bde042c44e48e5dd7eaaf862d97e6b82c4fbcf48b269781a4312bdbcda6c
ae243b44bb15d58919a5a4a8d12fd1e6e4c1c6a1ddbe2bacb58e4291014a6d86,R142_0014,ORG,institutional_terms,Zecca,Zecca,text_diplomatic,3331,3336,"to, obligato secondo l'uso di molti Principi alla Zecca, et pero questa obligatione oltre che apporta un ",NER_authority,pending_expert_validation,proposed,10a225f19e43de406ea85c676a2cfd7b33f3957ab0d73175b11bab24354d95e2,rules-ner-1,aab4bde042c44e48e5dd7eaaf862d97e6b82c4fbcf48b269781a4312bdbcda6c
41c92cbfd73af4362dd1d5282b86d24e41a35155056140ef337b37e22e981840,R142_0014,LOC,geography,Soria,Soria,text_diplomatic,3484,3489,"e restituita in questi tempi, massimamente che la Soria è governata da quel Bassa, che procura di impatro",NER_authority,pending_expert_validation,proposed,10a225f19e43de406ea85c676a2cfd7b33f3957ab0d73175b11bab24354d95e2,rules-ner-1,aab4bde042c44e48e5dd7eaaf862d97e6b82c4fbcf48b269781a4312bdbcda6c
5b6bce133f1739526824632c08b1df13f7e689c6e0b532e1807481b21c7ab5a6,R142_0014,LOC,geography,Costantinopoli,Costantinopoli,text_diplomatic,4219,4233,"o da sapere, che esso reale per ordine publico da Costantinopoli ha hauuto il corso, che (?) per questo la nation ",NER_authority,pending_expert_validation,proposed,10a225f19e43de406ea85c676a2cfd7b33f3957ab0d73175b11bab24354d95e2,rules-ner-1,aab4bde042c44e48e5dd7eaaf862d97e6b82c4fbcf48b269781a4312bdbcda6c
530c7d3667132823c2dd82c0824cad34468139f0b51039d230d6bff7eb9aa867,R142_0014,ORG,institutional_terms,Zecca,Zecca,text_diplomatic,5142,5147,"i perché si contentassero di contribuire alla sua Zecca alcuna parte della quantità delli reali, che al p",NER_authority,pending_expert_validation,proposed,10a225f19e43de406ea85c676a2cfd7b33f3957ab0d73175b11bab24354d95e2,rules-ner-1,aab4bde042c44e48e5dd7eaaf862d97e6b82c4fbcf48b269781a4312bdbcda6c
ba3cc7c1f22f2cf8d6ced318ef82c0aceb50fd09f56caeb95600f04c31e8b74f,R142_0014,PER,actors,Domenego Lion,Domenego Lion,signatories_raw,0,13,"Domenego Lion, Marco Gradenigo, Toma Mocenigo, Piero Soranzo",NER_person_name,pending_expert_validation,unresolved,7ea8c45d76a8b39db02d2d604956bbc6af51229b32a5b1e27d2c8e95ec7bee84,rules-ner-1,aab4bde042c44e48e5dd7eaaf862d97e6b82c4fbcf48b269781a4312bdbcda6c
306ba1a41d7ecd5f86ddbd58879f5266dfeb20d35a756d676fab687895dd0036,R142_0014,PER,actors,Marco Gradenigo,Marco Gradenigo,signatories_raw,15,30,"Domenego Lion, Marco Gradenigo, Toma Mocenigo, Piero Soranzo",NER_person_name,pending_expert_validation,unresolved,7ea8c45d76a8b39db02d2d604956bbc6af51229b32a5b1e27d2c8e95ec7bee84,rules-ner-1,aab4bde042c44e48e5dd7eaaf862d97e6b82c4fbcf48b269781a4312bdbcda6c
aaedff3ff16fea41113cef5ef48e4729e7366cf2941e835bd245437f83afd458,R142_0014,PER,actors,Toma Mocenigo,Toma Mocenigo,signatories_raw,32,45,"Domenego Lion, Marco Gradenigo, Toma Mocenigo, Piero Soranzo",NER_person_name,pending_expert_validation,unresolved,7ea8c45d76a8b39db02d2d604956bbc6af51229b32a5b1e27d2c8e95ec7bee84,rules-ner-1,aab4bde042c44e48e5dd7eaaf862d97e6b82c4fbcf48b269781a4312bdbcda6c
28bb9a123ffa1f0e67610be1c41b9c4c805c06b073166e3289073fb8efa181f5,R142_0014,PER,actors,Piero Soranzo,Piero Soranzo,signatories_raw,47,60,"Domenego Lion, Marco Gradenigo, Toma Mocenigo, Piero Soranzo",NER_person_name,pending_expert_validation,unresolved,7ea8c45d76a8b39db02d2d604956bbc6af51229b32a5b1e27d2c8e95ec7bee84,rules-ner-1,aab4bde042c44e48e5dd7eaaf862d97e6b82c4fbcf48b269781a4312bdbcda6c
14cb3ea5bedd7340ecca2f26e30f4859ed943d53e2ae57a2d975e79be9a0eb89,R142_0015,ORG,institutional_terms,Senato,Senato,text_diplomatic,653,659," Feb[rar]o passati, ella poi con deliberation del Senato sotto 24 Marzo sussequente diede ord[i]ne al d[et",NER_authority,pending_expert_validation,proposed,5fead2a532792476a23682d81a90deeff44c32d89ecaea11d8a789bd3161ddd0,rules-ner-1,aab4bde042c44e48e5dd7eaaf862d97e6b82c4fbcf48b269781a4312bdbcda6c
ce329c8c78a588211063baf8a7241020bfd62a2df9c3addd2f7aa43eaaddd08e,R142_0015,LOC,geography,Ancona,Ancona,text_diplomatic,1006,1012,"li, con uno de' quali, cioè quello, che andaua in Ancona, essi datiari si accomodorono insieme, et dell'al",NER_authority,pending_expert_validation,proposed,5fead2a532792476a23682d81a90deeff44c32d89ecaea11d8a789bd3161ddd0,rules-ner-1,aab4bde042c44e48e5dd7eaaf862d97e6b82c4fbcf48b269781a4312bdbcda6c
3d1ecacdadb62fb8e963601f104604bd03840b62a6c3cf5fd106120e6f528443,R142_0015,LOC,geography,Ragusa,Ragusi,text_diplomatic,1070,1076,"atiari si accomodorono insieme, et dell'altro per Ragusi, ~~et~~ fu intartenuta per caution del datio la s",NER_authority,pending_expert_validation,proposed,5fead2a532792476a23682d81a90deeff44c32d89ecaea11d8a789bd3161ddd0,rules-ner-1,aab4bde042c44e48e5dd7eaaf862d97e6b82c4fbcf48b269781a4312bdbcda6c
e0d7e261e85dc8db631b4a508f5926d047c1a38a44ce32fef33478fe4d844afc,R142_0015,ORG,institutional_terms,Senato,Senato,text_diplomatic,1717,1723," et di piu 20 per cento in uirtù di una parte del Senato de di 22 sett[embr]e 1484, che obliga i uasselli ",NER_authority,pending_expert_validation,proposed,5fead2a532792476a23682d81a90deeff44c32d89ecaea11d8a789bd3161ddd0,rules-ner-1,aab4bde042c44e48e5dd7eaaf862d97e6b82c4fbcf48b269781a4312bdbcda6c
48a183a88fb23ef76dd5be1686f9fbfe7077d8226a3689334b280eafa7833f5d,R142_0015,LOC,geography,Ancona,Ancona,text_diplomatic,2337,2343," chiaram[en]te, che il loro uiaggio era uno p[er] Ancona, et l'altro per Ragusi, et che contra loro uoglia",NER_authority,pending_expert_validation,proposed,5fead2a532792476a23682d81a90deeff44c32d89ecaea11d8a789bd3161ddd0,rules-ner-1,aab4bde042c44e48e5dd7eaaf862d97e6b82c4fbcf48b269781a4312bdbcda6c
ce776d5f25a34b8708031c9955a386c4c8e1c2186239446935c646c8b04ef041,R142_0015,LOC,geography,Ragusa,Ragusi,text_diplomatic,2360,2366,"loro uiaggio era uno p[er] Ancona, et l'altro per Ragusi, et che contra loro uoglia sono stati condotti in",NER_authority,pending_expert_validation,proposed,5fead2a532792476a23682d81a90deeff44c32d89ecaea11d8a789bd3161ddd0,rules-ner-1,aab4bde042c44e48e5dd7eaaf862d97e6b82c4fbcf48b269781a4312bdbcda6c
b00cf810140b2e507a5446c86271ec5a4a67ceda96ba205e4491db04e3fb6c1f,R142_0015,PER,actors,Domenego Lion,Dom[enic]o Lion,signatories_raw,3,18,D. Dom[enic]o Lion D. Marco Grad[enig]o D. Piero Soranzo,NER_authority,pending_expert_validation,confirmed,c910c02da3cc40e5cc6a95024ff8c79e122ee73218d724ba8a2b3236514c3f7b,rules-ner-1,aab4bde042c44e48e5dd7eaaf862d97e6b82c4fbcf48b269781a4312bdbcda6c
74355441aea10281aa03fe545e20230930e668e46eb79f6497b25c41710d2c9d,R142_0015,PER,actors,Marco Grad[enig]o,Marco Grad[enig]o,signatories_raw,22,39,D. Dom[enic]o Lion D. Marco Grad[enig]o D. Piero Soranzo,NER_person_context,pending_expert_validation,unresolved,c910c02da3cc40e5cc6a95024ff8c79e122ee73218d724ba8a2b3236514c3f7b,rules-ner-1,aab4bde042c44e48e5dd7eaaf862d97e6b82c4fbcf48b269781a4312bdbcda6c
4b5da4f1cd650176380eb22add94f8ce6e140abef7ee8446f5155a913fccef05,R142_0015,PER,actors,Piero Soranzo,Piero Soranzo,signatories_raw,43,56,D. Dom[enic]o Lion D. Marco Grad[enig]o D. Piero Soranzo,NER_person_context,pending_expert_validation,unresolved,c910c02da3cc40e5cc6a95024ff8c79e122ee73218d724ba8a2b3236514c3f7b,rules-ner-1,aab4bde042c44e48e5dd7eaaf862d97e6b82c4fbcf48b269781a4312bdbcda6c
16f7e10198d076260f0df1265375fef5c65d943f0657b02eab226dfd537e79e6,R142_0016,PER,actors,michiel Gastaldello,michiel Gastaldello,text_diplomatic,307,326," quella camera nella persona de ambroso q[uondam] michiel Gastaldello da Venetia, che puo esser di età de 15 in 16 anni",NER_person_context,pending_expert_validation,unresolved,1f0d0517e8aff6b6fcea3af820bb26dddedc5ed3a3fa2aac6b04dcdc96401b58,rules-ner-1,aab4bde042c44e48e5dd7eaaf862d97e6b82c4fbcf48b269781a4312bdbcda6c
b8bf8ce5b63e6e746ff64c6600bd993f069af53736a4f76133811f921f12ff39,R142_0016,LOC,geography,Venezia,Venetia,text_diplomatic,330,337,"rsona de ambroso q[uondam] michiel Gastaldello da Venetia, che puo esser di età de 15 in 16 anni et in luog",NER_authority,pending_expert_validation,proposed,1f0d0517e8aff6b6fcea3af820bb26dddedc5ed3a3fa2aac6b04dcdc96401b58,rules-ner-1,aab4bde042c44e48e5dd7eaaf862d97e6b82c4fbcf48b269781a4312bdbcda6c
2894a2bc9e95930873b1fde57728d17646b93ad2d3e48b728dce099fbb3c8230,R142_0016,LOC,geography,Cologna,Cologna,marginal_note_raw,13,20,Cauallaro di Cologna,NER_authority,pending_expert_validation,proposed,b28aacf509ec09cc4810a9d1f16cb0f39460328d120f0af6a7ecc162880ad28e,rules-ner-1,aab4bde042c44e48e5dd7eaaf862d97e6b82c4fbcf48b269781a4312bdbcda6c
fd8b8cee98af501eee6336ad5d539798ef92b88ae0fdf1ff95cd4b5cfe177ab5,R142_0016,PER,actors,Ruzin Ruzini,Ruzin Ruzini,signatories_raw,3,15,D. Ruzin Ruzini D. Fantin Diodo D. Piero Soranzo,NER_person_context,pending_expert_validation,unresolved,c57f10d1cf462e217108710a37c334c3c6e0f89ca1197b8e02b8cd47561d8bac,rules-ner-1,aab4bde042c44e48e5dd7eaaf862d97e6b82c4fbcf48b269781a4312bdbcda6c
f670c2647429d7a1d183f30cd9164ac39e6b90a58bb05e8ced01d7ee0dcb01f7,R142_0016,PER,actors,Fantin Diodo,Fantin Diodo,signatories_raw,19,31,D. Ruzin Ruzini D. Fantin Diodo D. Piero Soranzo,NER_person_context,pending_expert_validation,unresolved,c57f10d1cf462e217108710a37c334c3c6e0f89ca1197b8e02b8cd47561d8bac,rules-ner-1,aab4bde042c44e48e5dd7eaaf862d97e6b82c4fbcf48b269781a4312bdbcda6c
66aacfcdff200cdd31c515419a462beb87d2104e16877eb8fecc382fa21a8eb7,R142_0016,PER,actors,Piero Soranzo,Piero Soranzo,signatories_raw,35,48,D. Ruzin Ruzini D. Fantin Diodo D. Piero Soranzo,NER_person_context,pending_expert_validation,unresolved,c57f10d1cf462e217108710a37c334c3c6e0f89ca1197b8e02b8cd47561d8bac,rules-ner-1,aab4bde042c44e48e5dd7eaaf862d97e6b82c4fbcf48b269781a4312bdbcda6c
4320a57962d86272665bb1c7e0e366f56ca821d3b87da445a95be4c92e845441,R142_0017,LOC,geography,Udine,Vdine,text_diplomatic,69,74," uedute le l[ette]re del s[igno]r luogotenente di Vdine de 19 sett[embr]e passato, per le quali ricerca d",NER_authority,pending_expert_validation,proposed,fda4ae83e458e9c6daa8843ccc747297c1243e9b5244c4a665e30fc3ee1d69c5,rules-ner-1,aab4bde042c44e48e5dd7eaaf862d97e6b82c4fbcf48b269781a4312bdbcda6c
f3114a9c5769812a976bc2b2734df8eb9e372044225e00ee07522366889ea1fc,R142_0017,LOC,geography,Treviso,Treuiso,text_diplomatic,347,354,"e liberale figliuolo di m[esser] Piero borsato da Treuiso, et in luogo di Emiliano della Borda ultim[amen]t",NER_authority,pending_expert_validation,proposed,fda4ae83e458e9c6daa8843ccc747297c1243e9b5244c4a665e30fc3ee1d69c5,rules-ner-1,aab4bde042c44e48e5dd7eaaf862d97e6b82c4fbcf48b269781a4312bdbcda6c
b44c3b3590dfc1603317692a1e3b4c056f044cb92984f15f232a945d9e4d3208,R142_0017,LOC,geography,Venezia,V[eneti]a,text_diplomatic,887,896,"di l[ire] 38 per ogni d[ucati] 500, che portano a V[eneti]a la doue dicemo riuerentem[en]te alla S[ereni]ta V",NER_authority,pending_expert_validation,proposed,fda4ae83e458e9c6daa8843ccc747297c1243e9b5244c4a665e30fc3ee1d69c5,rules-ner-1,aab4bde042c44e48e5dd7eaaf862d97e6b82c4fbcf48b269781a4312bdbcda6c
e84aabdf149b7deffc5c47f092a56e8e346009b67cf13e669dda8ccc2bbe76b9,R142_0017,LOC,geography,Udine,Vdine,marginal_note_raw,0,5,Vdine cauallaro,NER_authority,pending_expert_validation,proposed,c89253045d20817c349173069d8034abc769839afe91a62da7a19aa5045cffce,rules-ner-1,aab4bde042c44e48e5dd7eaaf862d97e6b82c4fbcf48b269781a4312bdbcda6c
19ddb9cbbfcad1808604ddab5e2b2a027929861152667d8a978d6419a5a2400f,R142_0017,PER,actors,Ruzin Ruzini,Ruzin Ruzini,signatories_raw,3,15,D. Ruzin Ruzini D. Fantin Diedo D. Piero Soranzo,NER_person_context,pending_expert_validation,unresolved,e4681f797c976ee733fdda9a4a5847a2073bf4cc3feb083d78fe5026dd62b427,rules-ner-1,aab4bde042c44e48e5dd7eaaf862d97e6b82c4fbcf48b269781a4312bdbcda6c
7bd4f1df0746915223867a77712b162e36aa349ba7cfccf8ade17497c4648440,R142_0017,PER,actors,Fantin Diedo,Fantin Diedo,signatories_raw,19,31,D. Ruzin Ruzini D. Fantin Diedo D. Piero Soranzo,NER_person_context,pending_expert_validation,unresolved,e4681f797c976ee733fdda9a4a5847a2073bf4cc3feb083d78fe5026dd62b427,rules-ner-1,aab4bde042c44e48e5dd7eaaf862d97e6b82c4fbcf48b269781a4312bdbcda6c
1a3240358275016b02ad2fd94757deeb65d79a75200f18eb538b4afe4730c8bf,R142_0017,PER,actors,Piero Soranzo,Piero Soranzo,signatories_raw,35,48,D. Ruzin Ruzini D. Fantin Diedo D. Piero Soranzo,NER_person_context,pending_expert_validation,unresolved,e4681f797c976ee733fdda9a4a5847a2073bf4cc3feb083d78fe5026dd62b427,rules-ner-1,aab4bde042c44e48e5dd7eaaf862d97e6b82c4fbcf48b269781a4312bdbcda6c
410c48de853df710dc00a307cdcdc4ddb2db8c7644eab3ed3367e3718b161e9d,R142_0018,ORG,institutional_terms,Zecca,zecca,text_diplomatic,2970,2975,"uali arzenti accresceranno maggiormente nella sua zecca per la condotta loro, come si spera con notabil s",NER_authority,pending_expert_validation,proposed,75d4d27486b4e1bd62cd9c2c230ebce0cc33fd853632ede7039844f442cbdc54,rules-ner-1,aab4bde042c44e48e5dd7eaaf862d97e6b82c4fbcf48b269781a4312bdbcda6c
1322efc00045a7346433c2c4e8ee64f9da1567863a594749c5bfa09fc61102a9,R142_0018,ORG,institutional_terms,Zecca,Zecca,text_diplomatic,3216,3221,"re volte è sta fatto, di stampar monete nella sua Zecca per qualche tempo con li oblighi pero dell'istess",NER_authority,pending_expert_validation,proposed,75d4d27486b4e1bd62cd9c2c230ebce0cc33fd853632ede7039844f442cbdc54,rules-ner-1,aab4bde042c44e48e5dd7eaaf862d97e6b82c4fbcf48b269781a4312bdbcda6c
d3de94d7e6316a4dccedca1bf71b1c5c8307be6e66601ed5b632fbb7518ec4f5,R142_0018,ORG,institutional_terms,Zecca,Zecca,text_diplomatic,3273,3278,"er qualche tempo con li oblighi pero dell'istessa Zecca dovendosi anco proveder in ogni modo, che cosi ne",NER_authority,pending_expert_validation,proposed,75d4d27486b4e1bd62cd9c2c230ebce0cc33fd853632ede7039844f442cbdc54,rules-ner-1,aab4bde042c44e48e5dd7eaaf862d97e6b82c4fbcf48b269781a4312bdbcda6c
c7a99f27b8ce053abf9839d995f6c5d0b7dfefe9c06f30d6b480b0e413a6e9e4,R142_0018,PER,actors,Ruzier Ruzini,Ruzier Ruzini,signatories_raw,0,13,"Ruzier Ruzini, Piero Soranzo, Hier° ",NER_authority,pending_expert_validation,proposed,a1b0522f1ec2cdad3bfa3ec8567503083f2cf8c81ced88f567e33b3db00f5fe4,rules-ner-1,aab4bde042c44e48e5dd7eaaf862d97e6b82c4fbcf48b269781a4312bdbcda6c
387260d59feab5d0a61c17051e462166494bbda7d52c97ab1733fdb60a455af1,R142_0018,PER,actors,Piero Soranzo,Piero Soranzo,signatories_raw,15,28,"Ruzier Ruzini, Piero Soranzo, Hier° ",NER_person_name,pending_expert_validation,unresolved,a1b0522f1ec2cdad3bfa3ec8567503083f2cf8c81ced88f567e33b3db00f5fe4,rules-ner-1,aab4bde042c44e48e5dd7eaaf862d97e6b82c4fbcf48b269781a4312bdbcda6c
20a4a1d8b3c59fa599bcd617252d56afe754b9767ee38390b62794d54dfca23e,R142_0019,LOC,geography,Venezia,Venetia,text_diplomatic,561,568," sua Ceca, et poi quelle condotte, et spese qui a Venetia, come ogn'uno vede: onde da così pessima introdut",NER_authority,pending_expert_validation,proposed,41c6dee94f77109f26859817f4a14ed320b0673abb8556012181793a1d7a1083,rules-ner-1,aab4bde042c44e48e5dd7eaaf862d97e6b82c4fbcf48b269781a4312bdbcda6c
a663d5d1cff7adb5dcb12829dc8b58464f7d91b14bafc7724c030bb607ed7540,R142_0019,ORG,institutional_terms,Senato,Senato,text_diplomatic,1627,1633,"a opinione per poter esser deliberato nell'Ecc.mo Senato quanto sarà stimato poi più conveniente, cosi per",NER_authority,pending_expert_validation,proposed,41c6dee94f77109f26859817f4a14ed320b0673abb8556012181793a1d7a1083,rules-ner-1,aab4bde042c44e48e5dd7eaaf862d97e6b82c4fbcf48b269781a4312bdbcda6c
8a4c3fa9449bacf2a619cf403aa63bce88340fb30f40c932185905e98caf37b5,R142_0019,ORG,institutional_terms,Zecca,Zecca,text_diplomatic,8131,8136,"c. 38v] calculate anco con quell'avantaggio della Zecca, se cosi parera alla S.ta V.

Et che questa provi",NER_authority,pending_expert_validation,proposed,41c6dee94f77109f26859817f4a14ed320b0673abb8556012181793a1d7a1083,rules-ner-1,aab4bde042c44e48e5dd7eaaf862d97e6b82c4fbcf48b269781a4312bdbcda6c
a74b94ed7576b67f4facca1233f184f5de673b9f9ec77a2314deade50adf8def,R142_0019,ORG,institutional_terms,Senato,senato,text_diplomatic,10142,10148,"e cadaun officio o magistrato solito darsi per il senato, eccettuato quelli del collegio acque, et biave, ",NER_authority,pending_expert_validation,proposed,41c6dee94f77109f26859817f4a14ed320b0673abb8556012181793a1d7a1083,rules-ner-1,aab4bde042c44e48e5dd7eaaf862d97e6b82c4fbcf48b269781a4312bdbcda6c
7d912865f81445cee40ded0ea2b18808f79a87d7696c344751dc2619f2664fe9,R142_0019,ORG,institutional_terms,Collegio,collegio,text_diplomatic,10172,10180,"solito darsi per il senato, eccettuato quelli del collegio acque, et biave, nelli quali carichi sol[amen]te ",NER_authority,pending_expert_validation,proposed,41c6dee94f77109f26859817f4a14ed320b0673abb8556012181793a1d7a1083,rules-ner-1,aab4bde042c44e48e5dd7eaaf862d97e6b82c4fbcf48b269781a4312bdbcda6c
54c87aa9f8e9c62cc1a212edc2816bba571014edd77b08a656d860d40f452514,R142_0019,ORG,institutional_terms,Senato,senato,text_diplomatic,10642,10648,"tte le leggi et ordeni già presi, et statuiti dal senato alla presente regolatione non repugnanti, et spec",NER_authority,pending_expert_validation,proposed,41c6dee94f77109f26859817f4a14ed320b0673abb8556012181793a1d7a1083,rules-ner-1,aab4bde042c44e48e5dd7eaaf862d97e6b82c4fbcf48b269781a4312bdbcda6c
aa7424db800a7e1f60416f888a33cae1ccff6eb928fbd165f9b5b89776909308,R142_0020,LOC,geography,Padova,Padoa,text_diplomatic,92,97,"l[ette]re del Cl[arissi]mo s[igno]r Cap[itan]o di Padoa de 14 Luglio passato, per i quali ricerca dalla S",NER_authority,pending_expert_validation,proposed,eb682eadb5686e33eef7390d17e141768a86fb3b2926669a5474a18386112793,rules-ner-1,aab4bde042c44e48e5dd7eaaf862d97e6b82c4fbcf48b269781a4312bdbcda6c
46d1d1aed0b33d6bf51b3e270df93296fb9f2a1ab8d3c8fecd5b3bfe8ae7cb4a,R142_0020,PER,actors,F[rances]co de Aluise Maffei,F[rances]co de Aluise Maffei,text_diplomatic,311,339,"prouisionati di quel capitaneato nella persona di F[rances]co de Aluise Maffei, et in luogo d'Aurelio Taparello, et come in quel",NER_person_context,pending_expert_validation,unresolved,eb682eadb5686e33eef7390d17e141768a86fb3b2926669a5474a18386112793,rules-ner-1,aab4bde042c44e48e5dd7eaaf862d97e6b82c4fbcf48b269781a4312bdbcda6c
38c8cd775da930f946062b6a89bbe302d209a92dc7382098fc4825730c070961,R142_0020,ORG,institutional_terms,Senato,Senato,text_diplomatic,694,700,"paghe 8 all'anno, il qual sal[ari]o con parte del Senato sotto 30 Zener 1587 fu redutto a L[ire] 5 solamen",NER_authority,pending_expert_validation,proposed,eb682eadb5686e33eef7390d17e141768a86fb3b2926669a5474a18386112793,rules-ner-1,aab4bde042c44e48e5dd7eaaf862d97e6b82c4fbcf48b269781a4312bdbcda6c
ffc25adcf3a294ff7977d6debe8d48436c18b6d36c0e2743d6e447b4d02bb74d,R142_0020,LOC,geography,Padova,Padoa,marginal_note_raw,31,36,Prouisionato del Cap[itan]o di Padoa,NER_authority,pending_expert_validation,proposed,53a2ffd9fe5e955d919348df32e7ee073c1e16a94ed5b7bdcc5387b2d1852b6e,rules-ner-1,aab4bde042c44e48e5dd7eaaf862d97e6b82c4fbcf48b269781a4312bdbcda6c
84f0c3345da8946a0065fc31fcfbe24edd3797311e773bb9126a8e7d8eb5ce60,R142_0021,LOC,geography,Padova,Padoa,text_diplomatic,74,79,"m[ercan]tia uedute le l[ette]re del Cap[itan]o di Padoa di 25 Nou[embr]e instante, per le quali ricerca d",NER_authority,pending_expert_validation,proposed,afb91381ecaebb9c7f0122e6fb780e2a35326bd574637848c847faf9346ece5a,rules-ner-1,aab4bde042c44e48e5dd7eaaf862d97e6b82c4fbcf48b269781a4312bdbcda6c
ffb2b08d8bff0c8336e21c7f75d61d7722ad536384299a25cf6cbe694356b238,R142_0021,PER,actors,Z[uan] D[ome]n[e]go Basoni da Malcesene,Z[uan] D[ome]n[e]go Basoni da Malcesene,text_diplomatic,342,381,"lla città nella persona de aless[andr]o q[uondam] Z[uan] D[ome]n[e]go Basoni da Malcesene, et in luogo di ant° Parmesan mancato di vita, et",NER_person_context,pending_expert_validation,unresolved,afb91381ecaebb9c7f0122e6fb780e2a35326bd574637848c847faf9346ece5a,rules-ner-1,aab4bde042c44e48e5dd7eaaf862d97e6b82c4fbcf48b269781a4312bdbcda6c
c54a388e211aa10fed32b7be879d1dc395d371a7d49733432bfd0c2345a34c75,R142_0021,LOC,geography,Padova,Padoa,marginal_note_raw,42,47,Prou[isiona]to alla porta del portello di Padoa,NER_authority,pending_expert_validation,proposed,237d45b6d09acd7b6698f5008528b3524c8e957c7535647b716d013aac0a1ed1,rules-ner-1,aab4bde042c44e48e5dd7eaaf862d97e6b82c4fbcf48b269781a4312bdbcda6c
4009ffa53bb2bcdf228d91d03b5e6ccca1bc17f48f60d1cccdb303dbe2e81864,R142_0022,PER,actors,Ferdinando Helmani,Ferdinando Helmani,text_diplomatic,10,28,Pietro et Ferdinando Helmani civilta. [cittadinanza per i fratelli Helmann q. ,NER_person_name,pending_expert_validation,unresolved,94bd2ef23b8205251f9e0422d7ac227d73c5e48615d8a2a5051afa7f8ea3a54e,rules-ner-1,aab4bde042c44e48e5dd7eaaf862d97e6b82c4fbcf48b269781a4312bdbcda6c
cc434673a686f4dae9c499ec52472205c64fa2c04d4ef9d2075b787ed5bacdce,R142_0022,PER,actors,Ferdinando Helmani,Ferdinando Helmani,text_diplomatic,152,170,ura presentata alla S.tà V.ra a nome de Pietro et Ferdinando Helmani fratelli furono figliuoli del q. D. Carlo aggiont,NER_person_name,pending_expert_validation,unresolved,94bd2ef23b8205251f9e0422d7ac227d73c5e48615d8a2a5051afa7f8ea3a54e,rules-ner-1,aab4bde042c44e48e5dd7eaaf862d97e6b82c4fbcf48b269781a4312bdbcda6c
0fd50cecbdf0bd2e15c5ca3979afd9078b9173af3c9805046017bc1538cc941e,R142_0022,ORG,institutional_terms,Senato,Senato,text_diplomatic,688,694,"hie et antiche dell'Ill.mo Mazor Cons., et Ecc.mo Senato in diversi modi, et variamente è stata concessa a",NER_authority,pending_expert_validation,proposed,94bd2ef23b8205251f9e0422d7ac227d73c5e48615d8a2a5051afa7f8ea3a54e,rules-ner-1,aab4bde042c44e48e5dd7eaaf862d97e6b82c4fbcf48b269781a4312bdbcda6c
d7fb6528be8d35d0f9d89a23a6e9dbc5af4f9b6c2a88a206d5e45d034cbeea19,R142_0022,ORG,institutional_terms,Proveditori di Commun,Prov.ri di Commun,text_diplomatic,1196,1213,"nuar con le loro famiglie, et di giustificar alli Prov.ri di Commun essa loro habitatione; tutte queste leggi furono ",NER_authority,pending_expert_validation,proposed,94bd2ef23b8205251f9e0422d7ac227d73c5e48615d8a2a5051afa7f8ea3a54e,rules-ner-1,aab4bde042c44e48e5dd7eaaf862d97e6b82c4fbcf48b269781a4312bdbcda6c
1cfee12daebd49bb674fe0626a88bb8b3ab7fe01794503bec0b4b8af805c985b,R142_0022,LOC,geography,Levante,Levante,text_diplomatic,2028,2035," è prohibito far essa navigatione, et negotio per Levante, li qual privilegiati pagano li medesimi 6 per ce",NER_authority,pending_expert_validation,proposed,94bd2ef23b8205251f9e0422d7ac227d73c5e48615d8a2a5051afa7f8ea3a54e,rules-ner-1,aab4bde042c44e48e5dd7eaaf862d97e6b82c4fbcf48b269781a4312bdbcda6c
8c86948dd4e5f2537b9139b3f3aeb2142b3984e876f3eb54510edfdaa262ce94,R142_0022,LOC,geography,Levante,Levante,text_diplomatic,2219,2226,he possono navicare et che conducono mercantie di Levante iuxta la regolatione che fu fatta l'anno 1577 a 7,NER_authority,pending_expert_validation,proposed,94bd2ef23b8205251f9e0422d7ac227d73c5e48615d8a2a5051afa7f8ea3a54e,rules-ner-1,aab4bde042c44e48e5dd7eaaf862d97e6b82c4fbcf48b269781a4312bdbcda6c
8b783e95119ae0e06eec5bf84d70a2c4c576f5e4d5b56cb525d72e10a1d7b851,R142_0022,ORG,institutional_terms,Senato,Senato,text_diplomatic,2297,2303, che fu fatta l'anno 1577 a 7 febraro dall'Ecc.mo Senato. Li forestieri poi per le mercantie che sono cond,NER_authority,pending_expert_validation,proposed,94bd2ef23b8205251f9e0422d7ac227d73c5e48615d8a2a5051afa7f8ea3a54e,rules-ner-1,aab4bde042c44e48e5dd7eaaf862d97e6b82c4fbcf48b269781a4312bdbcda6c
5d1b69ed82805a1afffbddf0ed7c1d7bc83a84161eae6b098280dda1c3dd0a22,R142_0022,LOC,geography,Ponente,Ponente,text_diplomatic,2361,2368,"estieri poi per le mercantie che sono condotte di Ponente per via da mar, et da terra, et per tutte le altr",NER_authority,pending_expert_validation,proposed,94bd2ef23b8205251f9e0422d7ac227d73c5e48615d8a2a5051afa7f8ea3a54e,rules-ner-1,aab4bde042c44e48e5dd7eaaf862d97e6b82c4fbcf48b269781a4312bdbcda6c
a9b4baea0ae101bd1275f2f6f8f9a0e4addc3ed2c245173aec25b382d67ac2ce,R142_0022,PER,actors,Guglielmo Helman,Guglielmo Helman,text_diplomatic,2785,2801,ottobre 1579 dall'Eccelso Consiglio di X al q. D. Guglielmo Helman fratello del padree di detti supplicanti in grati,NER_person_context,pending_expert_validation,unresolved,94bd2ef23b8205251f9e0422d7ac227d73c5e48615d8a2a5051afa7f8ea3a54e,rules-ner-1,aab4bde042c44e48e5dd7eaaf862d97e6b82c4fbcf48b269781a4312bdbcda6c
e1e272c2ce319b6ab8c16de370c674a756666e0fd7dea8461c83bbb3650e5f16,R142_0022,ORG,institutional_terms,Senato,Senato,text_diplomatic,2933,2939,"d'austria, et Principe di Baviera, et dall'Ecc.mo Senato sotto 23 settembre 1595 fu concesso il medesimo p",NER_authority,pending_expert_validation,proposed,94bd2ef23b8205251f9e0422d7ac227d73c5e48615d8a2a5051afa7f8ea3a54e,rules-ner-1,aab4bde042c44e48e5dd7eaaf862d97e6b82c4fbcf48b269781a4312bdbcda6c
93ad225f1c517a90a04606795695c4d50f3309db21c0a4e52d6185b7392fd343,R142_0022,PER,actors,Carlo Helman,Carlo Helman,text_diplomatic,3016,3028," concesso il medesimo privilegio al sudetto q. D. Carlo Helman, et figliuoli legitimi, et di legitimo matrimonio",NER_person_context,pending_expert_validation,unresolved,94bd2ef23b8205251f9e0422d7ac227d73c5e48615d8a2a5051afa7f8ea3a54e,rules-ner-1,aab4bde042c44e48e5dd7eaaf862d97e6b82c4fbcf48b269781a4312bdbcda6c
734922f62cdbfa68c4487c000e090b2654d4ff853e8b520cecb2c9dc118fcc75,R142_0022,LOC,geography,Venezia,Venetia,text_diplomatic,4616,4623,ssario che non dovesse altramente mandar fuori di Venetia Pietro figliol maggiore. Questi sono figliuoli na,NER_authority,pending_expert_validation,proposed,94bd2ef23b8205251f9e0422d7ac227d73c5e48615d8a2a5051afa7f8ea3a54e,rules-ner-1,aab4bde042c44e48e5dd7eaaf862d97e6b82c4fbcf48b269781a4312bdbcda6c
25aad3406174592c5d85209642791f988392fc61e82256b80c16ad2f9c402372,R142_0022,PER,actors,Ferdinando Helmani,Ferdinando Helmani,marginal_note_raw,10,28,Pietro et Ferdinando Helmani civilta,NER_person_name,pending_expert_validation,unresolved,7d1d71e90f0fa77d38040e3758928b9ed0270211dcb0d0e659d2d14ea33df5f5,rules-ner-1,aab4bde042c44e48e5dd7eaaf862d97e6b82c4fbcf48b269781a4312bdbcda6c
01a493f5a19703337988b0c5aa1acea3a94ded8f943fa986c8cb407c787a70a8,R142_0025,PER,actors,Valerio Bellhomo,Valerio Bellhomo,text_diplomatic,100,116,feb° passato le vien dato aviso della morte di D. Valerio Bellhomo era consule in Seragosa a nome della S.ta V. et i,NER_person_context,pending_expert_validation,unresolved,2fd01ac24405d39c343ebd513251387c48546d289c8781188afcb2f18c16dd1c,rules-ner-1,aab4bde042c44e48e5dd7eaaf862d97e6b82c4fbcf48b269781a4312bdbcda6c
57f9eefd8d34270499dfdab2edaea21ee4a3e35289ba1cb562d66008a1493651,R142_0025,LOC,geography,Seragosa,Seragosa,text_diplomatic,132,140,della morte di D. Valerio Bellhomo era consule in Seragosa a nome della S.ta V. et insieme informatione dell,NER_authority,pending_expert_validation,unresolved,2fd01ac24405d39c343ebd513251387c48546d289c8781188afcb2f18c16dd1c,rules-ner-1,aab4bde042c44e48e5dd7eaaf862d97e6b82c4fbcf48b269781a4312bdbcda6c
b57c058a8ad525490dca0abc4dd83451589e831660b00dbc6b9ba8eacf59303a,R142_0025,PER,actors,Valerio Mora,Valerio Mora,text_diplomatic,977,989," vien considerato in dette lettere, se non di Don Valerio Mora, e Bell'homo nepote del sudetto morto, che si ha ",NER_person_name,pending_expert_validation,unresolved,2fd01ac24405d39c343ebd513251387c48546d289c8781188afcb2f18c16dd1c,rules-ner-1,aab4bde042c44e48e5dd7eaaf862d97e6b82c4fbcf48b269781a4312bdbcda6c
446ff36336a06029b76f0be03c17220f44977ba6b078a3ee0eea807981e0fe2a,R142_0025,LOC,geography,Seragosa,Saragoza,marginal_note_raw,18,26,Consule veneto in Saragoza,NER_authority,pending_expert_validation,unresolved,ec9ebcf61b1a5b65d5c83a31f8d3d92448ef13d95083a8bb81a6c4ed572c96c6,rules-ner-1,aab4bde042c44e48e5dd7eaaf862d97e6b82c4fbcf48b269781a4312bdbcda6c
973fc3cbcb699eead31be24ae4dd4dab64e1eb2ee89c24e00dfad436300c371f,R142_0026,ORG,institutional_terms,Collegio,Coll[egi]o,text_diplomatic,128,138,che fu fatta terminata da quell'Ecc[ellentissi]mo Coll[egi]o unito con li n[ost]ri Precessori sotto ultimo Ago,NER_authority,pending_expert_validation,proposed,c124c717e1f953ba03ca7c64338fb18dd20df47a540596a41cc56b261624ca45,rules-ner-1,aab4bde042c44e48e5dd7eaaf862d97e6b82c4fbcf48b269781a4312bdbcda6c
06f9b8c142bdd325af0a56585f7627faf08bb10008bacad1f6aef21b30b90494,R142_0026,ORG,institutional_terms,Senato,Senato,text_diplomatic,228,234,ultimo Agosto 1602 per essecution della parte del Senato di 16 Agosto med[esi]mo intorno la regolatione de,NER_authority,pending_expert_validation,proposed,c124c717e1f953ba03ca7c64338fb18dd20df47a540596a41cc56b261624ca45,rules-ner-1,aab4bde042c44e48e5dd7eaaf862d97e6b82c4fbcf48b269781a4312bdbcda6c
90150437a6859a9a48b84660b2f53a9d1479df6d4698b827d512a2ca5cada48d,R142_0026,LOC,geography,Zante,Zante,text_diplomatic,348,353,"e uve passe, che nascono nelle n[ost]re Isole del Zante, Zeffalonia, et loco del Thiacchi fu fatta con so",NER_authority,pending_expert_validation,proposed,c124c717e1f953ba03ca7c64338fb18dd20df47a540596a41cc56b261624ca45,rules-ner-1,aab4bde042c44e48e5dd7eaaf862d97e6b82c4fbcf48b269781a4312bdbcda6c
f475e02a3d4889bc0a43aeb74cb69ac5fd410f5b3c2782c4cc7c3a73687d8bd3,R142_0026,LOC,geography,Venezia,Venetia,text_diplomatic,467,474,"veder che esse uve passe fossero tutte condotte à Venetia p[er] importante servitio delle cose publiche, si",NER_authority,pending_expert_validation,proposed,c124c717e1f953ba03ca7c64338fb18dd20df47a540596a41cc56b261624ca45,rules-ner-1,aab4bde042c44e48e5dd7eaaf862d97e6b82c4fbcf48b269781a4312bdbcda6c
aaea532815972c9e8617db7f64124b08c8a3fbe2a42819a22b7a2265dab1213e,R142_0026,LOC,geography,Venezia,Venetia,text_diplomatic,902,909,"n]te non vengono [45v] condotte, come si dovria a Venetia, iuxta l'intentione di essa regolatione, ma la ma",NER_authority,pending_expert_validation,proposed,c124c717e1f953ba03ca7c64338fb18dd20df47a540596a41cc56b261624ca45,rules-ner-1,aab4bde042c44e48e5dd7eaaf862d97e6b82c4fbcf48b269781a4312bdbcda6c
0361449bab2562f06e9b2c185db880ff91a17869d84cc7af1bddab9968628266,R142_0026,LOC,geography,Ponente,Ponente,text_diplomatic,1120,1127,"cate sopra navilij forestieri p[er] il viaggio di Ponente, et malamente strabalzate (?) con intelligentia, ",NER_authority,pending_expert_validation,proposed,c124c717e1f953ba03ca7c64338fb18dd20df47a540596a41cc56b261624ca45,rules-ner-1,aab4bde042c44e48e5dd7eaaf862d97e6b82c4fbcf48b269781a4312bdbcda6c
6434499aa0d1a1a4b0574f359778b414f917e8e4ffe5791fdfda4e6da4ef4119,R142_0026,LOC,geography,Venezia,Venetia,text_diplomatic,1838,1845,"spensa di esse uve passe per che siano condotte a Venetia, et non altrove co[n]forme alla intentione public",NER_authority,pending_expert_validation,proposed,c124c717e1f953ba03ca7c64338fb18dd20df47a540596a41cc56b261624ca45,rules-ner-1,aab4bde042c44e48e5dd7eaaf862d97e6b82c4fbcf48b269781a4312bdbcda6c
1648fac4afa4d70490c227d019abc5069ceb028af9b83dfde82e7e318c953b7f,R142_0026,ORG,institutional_terms,Senato,Senato,text_diplomatic,2097,2103,"ssecution anco della parte dell'Ecc[ellentissi]mo Senato de 29 Nov[embr]e 1605, siamo devenuti in opinione",NER_authority,pending_expert_validation,proposed,c124c717e1f953ba03ca7c64338fb18dd20df47a540596a41cc56b261624ca45,rules-ner-1,aab4bde042c44e48e5dd7eaaf862d97e6b82c4fbcf48b269781a4312bdbcda6c
270cdbb8735e4811b71bbaea60733e68ecb1d404225fe513de04e5eea6e16d34,R142_0026,LOC,geography,Zante,Zante,text_diplomatic,2816,2821,"ta forma, che sia commesso alli Prov[editor]i del Zante, et Zeffalonia, che ogni anno, a, tempo convenien",NER_authority,pending_expert_validation,proposed,c124c717e1f953ba03ca7c64338fb18dd20df47a540596a41cc56b261624ca45,rules-ner-1,aab4bde042c44e48e5dd7eaaf862d97e6b82c4fbcf48b269781a4312bdbcda6c
2b960c566f8fb24c9d9d17cdc2925f54c81c05cb530b2067c0fba1bb07c72935,R142_0026,LOC,geography,Alessandria,Alessandria,text_diplomatic,4262,4273,"quelli della Zefalonia, che sono vicini, a, Val d'Alessandria per loro maggior comodità dar in nota esse vendit",NER_authority,pending_expert_validation,proposed,c124c717e1f953ba03ca7c64338fb18dd20df47a540596a41cc56b261624ca45,rules-ner-1,aab4bde042c44e48e5dd7eaaf862d97e6b82c4fbcf48b269781a4312bdbcda6c
2c3042a0ce47b52d9460963545f1651eb5a1d49283bf94e9073a106e42c05ffa,R142_0026,ORG,institutional_terms,Collegio,Coll[egi]o,text_diplomatic,4749,4759,"ostri, et co[n]firmata in quell'Ecc[ellentissi]mo Coll[egi]o sotto di [spazio bianco] delli tre deputati a ten",NER_authority,pending_expert_validation,proposed,c124c717e1f953ba03ca7c64338fb18dd20df47a540596a41cc56b261624ca45,rules-ner-1,aab4bde042c44e48e5dd7eaaf862d97e6b82c4fbcf48b269781a4312bdbcda6c
4cf1de4a976ecedec35f53b82d3ce7fd8ca52edce2c0138c6fd3612512ff75fa,R142_0026,LOC,geography,Zante,Zante,text_diplomatic,4875,4880,"ve passe iux[t]a la regolatione p[redet]ta uno al Zante, et doi alla Zeffalonia, uno p[er] il cargador de",NER_authority,pending_expert_validation,proposed,c124c717e1f953ba03ca7c64338fb18dd20df47a540596a41cc56b261624ca45,rules-ner-1,aab4bde042c44e48e5dd7eaaf862d97e6b82c4fbcf48b269781a4312bdbcda6c
ca6a73dd1d887f8b2d701e38496891410f93453f746ed6fead69db926eecbd8e,R142_0026,LOC,geography,Alessandria,Alessandria,text_diplomatic,4978,4989,"delli Argostoli, et l'altro p[er] quello di val d'Alessandria, et Thiacchi sia fatta elettione di novo di essi ",NER_authority,pending_expert_validation,proposed,c124c717e1f953ba03ca7c64338fb18dd20df47a540596a41cc56b261624ca45,rules-ner-1,aab4bde042c44e48e5dd7eaaf862d97e6b82c4fbcf48b269781a4312bdbcda6c
57deb17dd7e35c8ae43a4f8f79bde9a6dbd55c6cd264d0bfc52ed892998cf230,R142_0026,LOC,geography,Zante,Zante,text_diplomatic,5090,5095,"re deputati, a doi delli quali cio è à quello del Zante, et a quello della Zeffalonia deputato al cargado",NER_authority,pending_expert_validation,proposed,c124c717e1f953ba03ca7c64338fb18dd20df47a540596a41cc56b261624ca45,rules-ner-1,aab4bde042c44e48e5dd7eaaf862d97e6b82c4fbcf48b269781a4312bdbcda6c
ce50f2f0f34ef9f0a8963d1b5f8a6403802b031e2e521e4285ce5c2f9c5fb76b,R142_0026,LOC,geography,Alessandria,Alessandria,text_diplomatic,5600,5611,"]o n[ost]ro li saranno dati. Et a quello di val d'Alessandria, et Thiacchi sia aggionto carico di tenir conto s",NER_authority,pending_expert_validation,proposed,c124c717e1f953ba03ca7c64338fb18dd20df47a540596a41cc56b261624ca45,rules-ner-1,aab4bde042c44e48e5dd7eaaf862d97e6b82c4fbcf48b269781a4312bdbcda6c
339920a1cb26277f5fbfb484c5d83fbcca39f562087f7a160779c9a4989a2520,R142_0026,LOC,geography,Zante,Zante,text_diplomatic,6396,6401,"ù di detta regolatione, li quali cio è quello del Zante, et quello della Zeffalonia, deputato al cargador",NER_authority,pending_expert_validation,proposed,c124c717e1f953ba03ca7c64338fb18dd20df47a540596a41cc56b261624ca45,rules-ner-1,aab4bde042c44e48e5dd7eaaf862d97e6b82c4fbcf48b269781a4312bdbcda6c
c2cd963aabe04aed5ad6dd0fa22d91162ab55214712dd47966f25b32271c38ef,R142_0026,LOC,geography,Alessandria,Aless[andri]a,text_diplomatic,6655,6668,"ti dodeci al mese p[er] uno, Et à quello di Val d'Aless[andri]a et Thiacchi gli sia accresciuto alli d[ucati] 7, ",NER_authority,pending_expert_validation,proposed,c124c717e1f953ba03ca7c64338fb18dd20df47a540596a41cc56b261624ca45,rules-ner-1,aab4bde042c44e48e5dd7eaaf862d97e6b82c4fbcf48b269781a4312bdbcda6c
591c71efd5dee179c091401eb0068921eb8cc5d66e9aaf872c4f754b029bd0c5,R142_0026,LOC,geography,Zante,Zante,text_diplomatic,6929,6934,"tra di ciò li detti doi deputati, cio è, quel del Zante, et quello della Zeffalonia al cargador delli Arg",NER_authority,pending_expert_validation,proposed,c124c717e1f953ba03ca7c64338fb18dd20df47a540596a41cc56b261624ca45,rules-ner-1,aab4bde042c44e48e5dd7eaaf862d97e6b82c4fbcf48b269781a4312bdbcda6c
c9e4466763eabf74db2d6ed2d8eabc166a763da20465fdb837f78023788cf982,R142_0026,ORG,institutional_terms,Senato,Senato,text_diplomatic,9386,9392,"ella nova imposta che fu presa a 26 Zener 1580 in Senato fu ordinato, et liquidato quando dovessero pagar ",NER_authority,pending_expert_validation,proposed,c124c717e1f953ba03ca7c64338fb18dd20df47a540596a41cc56b261624ca45,rules-ner-1,aab4bde042c44e48e5dd7eaaf862d97e6b82c4fbcf48b269781a4312bdbcda6c
ba837548fe5ba533504ea6ac565d393a796965f5f8f6a800eecc17a2d8fe5c62,R142_0026,LOC,geography,Zante,Zante,text_diplomatic,9580,9585,"echiarito co[n] tutto che in quelle Isole, et nel Zante particolarm[en]te vengono portati li infrascritti",NER_authority,pending_expert_validation,proposed,c124c717e1f953ba03ca7c64338fb18dd20df47a540596a41cc56b261624ca45,rules-ner-1,aab4bde042c44e48e5dd7eaaf862d97e6b82c4fbcf48b269781a4312bdbcda6c
36febc0a3ac2065da1476e875262aab22ca6dbce2e7a839b3ae6d7ed2dafd48f,R142_0026,ORG,institutional_terms,Cinque Savi alla Mercanzia,Savij alla m[ercan]tia,text_diplomatic,9779,9801, diverse cose. Che sia commesso all'officio delli Savij alla m[ercan]tia che debbano far far una limitatione di quanto dov,NER_authority,pending_expert_validation,proposed,c124c717e1f953ba03ca7c64338fb18dd20df47a540596a41cc56b261624ca45,rules-ner-1,aab4bde042c44e48e5dd7eaaf862d97e6b82c4fbcf48b269781a4312bdbcda6c
9ea670e239e24a5e0d5e2cc4b5cca4b366a3469cb550ff185468ee7e8e5bf689,R142_0026,LOC,geography,Ponente,Ponente,text_diplomatic,9934,9941,"ì li detti come li altri, che sogliono capitar di Ponente per che sia scosso il datio di esse iux[t]a essa ",NER_authority,pending_expert_validation,proposed,c124c717e1f953ba03ca7c64338fb18dd20df47a540596a41cc56b261624ca45,rules-ner-1,aab4bde042c44e48e5dd7eaaf862d97e6b82c4fbcf48b269781a4312bdbcda6c
3f12513d1f26b3f46253b25114c6e59f72bd270312a15d435ea31863f4e8b5dc,R142_0026,ORG,institutional_terms,Senato,Senato,text_diplomatic,10040,10046," limitatione da esser poi approbata dall'<Ecc.mo> Senato
9 Che tutti quelli, che in qualsivoglia, modo hav",NER_authority,pending_expert_validation,proposed,c124c717e1f953ba03ca7c64338fb18dd20df47a540596a41cc56b261624ca45,rules-ner-1,aab4bde042c44e48e5dd7eaaf862d97e6b82c4fbcf48b269781a4312bdbcda6c
ac94746b2bff764d8f965e43f795199afee9ef95d8e395541c652cc874b1258b,R142_0026,LOC,geography,Venezia,Venetia,text_diplomatic,10305,10312,"opra vasselli forestieri, o in altri luoghi che a Venetia et sop[ra] vasselli Venetiani, o de sudditi p[er]",NER_authority,pending_expert_validation,proposed,c124c717e1f953ba03ca7c64338fb18dd20df47a540596a41cc56b261624ca45,rules-ner-1,aab4bde042c44e48e5dd7eaaf862d97e6b82c4fbcf48b269781a4312bdbcda6c
a75e1a1c2a36b7edb5821211a38fe8b5b17e5634cff81e052f702e83fc264f60,R142_0026,LOC,geography,Venezia,Venetia,text_diplomatic,10363,10370,"et sop[ra] vasselli Venetiani, o de sudditi p[er] Venetia, oltra la perdita delle uve passe, siano, et s'in",NER_authority,pending_expert_validation,proposed,c124c717e1f953ba03ca7c64338fb18dd20df47a540596a41cc56b261624ca45,rules-ner-1,aab4bde042c44e48e5dd7eaaf862d97e6b82c4fbcf48b269781a4312bdbcda6c
f46422fc76994bdb2aadf6adc53c7e7c0bbca33bd6858aabc9fb8d2d138bb90c,R142_0026,LOC,geography,Zante,Zante,text_diplomatic,10844,10849,"e barche con quatro homini per una, cio è, una al Zante, et doi alla Zeffalonia per li cargadori delli Ar",NER_authority,pending_expert_validation,proposed,c124c717e1f953ba03ca7c64338fb18dd20df47a540596a41cc56b261624ca45,rules-ner-1,aab4bde042c44e48e5dd7eaaf862d97e6b82c4fbcf48b269781a4312bdbcda6c
8ea81dabbfe039fa2b4a2c462eeff73e61a69020270db8a2e46eb4d3f2feb300,R142_0026,LOC,geography,Alessandria,Alessa[n]dria,text_diplomatic,10917,10930,"alonia per li cargadori delli Argostoli, et Val d'Alessa[n]dria acciò fussero co[n] li cavallieri di q[ue]lle cor",NER_authority,pending_expert_validation,proposed,c124c717e1f953ba03ca7c64338fb18dd20df47a540596a41cc56b261624ca45,rules-ner-1,aab4bde042c44e48e5dd7eaaf862d97e6b82c4fbcf48b269781a4312bdbcda6c
b385253a87b72aec9549a2519c4c806e6640c9380c0b37a9db63a3883764d288,R142_0026,ORG,institutional_terms,Senato,Senato,text_diplomatic,12414,12420,"adet]to libro, come fu deliberato p[er] parte del Senato di 8 marzo 1603.",NER_authority,pending_expert_validation,proposed,c124c717e1f953ba03ca7c64338fb18dd20df47a540596a41cc56b261624ca45,rules-ner-1,aab4bde042c44e48e5dd7eaaf862d97e6b82c4fbcf48b269781a4312bdbcda6c
10cf925404a9f7f447b7766aa71b0c80fbe64a99ee68b1dc2738fcc99eaef699,R142_0026,LOC,geography,Zante,Zante,marginal_note_raw,14,19,uve passe del Zante et Zeffalonia regolatione,NER_authority,pending_expert_validation,proposed,65cfc307cc56f29d9ea2d2eab2ba6653e5240d118c482f840ea64186f32ec89f,rules-ner-1,aab4bde042c44e48e5dd7eaaf862d97e6b82c4fbcf48b269781a4312bdbcda6c
1b75275a408f8b36eb097daeda67cc051c00298d6ea42527ec715eaf114b774d,R142_0027,LOC,geography,Costantinopoli,Constantinopoli,text_diplomatic,431,446,portantissimi che ricceveno li nostri mercanti in Constantinopoli nel negotio loro con l'occasione del vender le lo,NER_authority,pending_expert_validation,proposed,12ad9efa6a1e12d0cb2138a193d3214b364646232db603ced873417db1dab494,rules-ner-1,aab4bde042c44e48e5dd7eaaf862d97e6b82c4fbcf48b269781a4312bdbcda6c
bba48bbb68de1bdd57f5c57959bb02efc4218fded8b4484747d6493a327b8c69,R142_0027,LOC,geography,Costantinopoli,Constantinopoli,text_diplomatic,1591,1606,"he sia prohibito a nostri cittadini, et sudditi a Constantinopoli di poter vender le loro mercantie a tempo, termin",NER_authority,pending_expert_validation,proposed,12ad9efa6a1e12d0cb2138a193d3214b364646232db603ced873417db1dab494,rules-ner-1,aab4bde042c44e48e5dd7eaaf862d97e6b82c4fbcf48b269781a4312bdbcda6c
8997e102d84d1399d0c91d36ed6d8371f9d915cb26ca9547ed1fc7a11cbcbc10,R142_0027,ORG,institutional_terms,Senato,Senato,text_diplomatic,3153,3159,"piu, che inherendo alle deliberationi dell'Ecc.mo Senato in tal proposito sia maggiormente dichiarito che ",NER_authority,pending_expert_validation,proposed,12ad9efa6a1e12d0cb2138a193d3214b364646232db603ced873417db1dab494,rules-ner-1,aab4bde042c44e48e5dd7eaaf862d97e6b82c4fbcf48b269781a4312bdbcda6c
0b00837911d5884bcf5ba5a0e7702702f007b7b66a72504b231c035ae6dd2f6e,R142_0027,LOC,geography,Costantinopoli,Costantinopoli,text_diplomatic,3353,3367,i sua ragione in mano di hebrei per il viaggio di Costantinopoli si come dal signor Bailo viene in esse sue letter,NER_authority,pending_expert_validation,proposed,12ad9efa6a1e12d0cb2138a193d3214b364646232db603ced873417db1dab494,rules-ner-1,aab4bde042c44e48e5dd7eaaf862d97e6b82c4fbcf48b269781a4312bdbcda6c
98cc186b40adfb180858c440fbc1dc40b8b7166535d161581df7ac8d69c92232,R142_0027,LOC,geography,Costantinopoli,Constantinopoli,marginal_note_raw,0,15,Constantinopoli per prohibition il comprar à tempo con hebrei,NER_authority,pending_expert_validation,proposed,909e3ca9fbb3ae4b28b1276364435e4660d16771dcbd6adda51c3c8939c29a66,rules-ner-1,aab4bde042c44e48e5dd7eaaf862d97e6b82c4fbcf48b269781a4312bdbcda6c
a501bdcced27e0aa73404801739db7b0d6a71c8c706f088bdcdf56f19cdb11bf,R142_0027,PER,actors,Piero Soranzo,Piero Soranzo,signatories_raw,35,48,"ab. il Cl.mo Diedo / Ruzin Ruzini, Piero Soranzo, Maffio Michiel, Hier.mo Corner",NER_person_name,pending_expert_validation,unresolved,12ed99f52f29bcd47482978cb0ebfe3d389fbe99f4b18094b202e25b66d2d11d,rules-ner-1,aab4bde042c44e48e5dd7eaaf862d97e6b82c4fbcf48b269781a4312bdbcda6c
42670789bd378e7cc8440fd8e8ac6b2148104ce5afe780eb83e7fd85a0dd1c0e,R142_0027,PER,actors,Maffio Michiel,Maffio Michiel,signatories_raw,50,64,"ab. il Cl.mo Diedo / Ruzin Ruzini, Piero Soranzo, Maffio Michiel, Hier.mo Corner",NER_authority,pending_expert_validation,confirmed,12ed99f52f29bcd47482978cb0ebfe3d389fbe99f4b18094b202e25b66d2d11d,rules-ner-1,aab4bde042c44e48e5dd7eaaf862d97e6b82c4fbcf48b269781a4312bdbcda6c
bf66ce785e21a7d2641a656c98580d57b523a432d3ac927510578c3239265c9d,R142_0027,PER,actors,Hieronimo Corner,Hier.mo Corner,signatories_raw,66,80,"do / Ruzin Ruzini, Piero Soranzo, Maffio Michiel, Hier.mo Corner",NER_authority,pending_expert_validation,proposed,12ed99f52f29bcd47482978cb0ebfe3d389fbe99f4b18094b202e25b66d2d11d,rules-ner-1,aab4bde042c44e48e5dd7eaaf862d97e6b82c4fbcf48b269781a4312bdbcda6c
f5402dc9b5a78c0ebb234ca04aeafa4f3ee3e0d55b33a38d5aa83b5e951b3a52,R142_0028,LOC,geography,Levante,Levante,text_diplomatic,228,235,suoi cittadini siano nolizate navi forestiere per Levante et che non possino caricar sopra altri vascelli c,NER_authority,pending_expert_validation,proposed,563ec8e867c275acf0eeae1ca8f8da8162ee2116d9812b23aebe215df4e48f0a,rules-ner-1,aab4bde042c44e48e5dd7eaaf862d97e6b82c4fbcf48b269781a4312bdbcda6c
acfc5250002831a8959afcbe340ddf45908d60117dbacfb0ad470fb0b06b04d8,R142_0028,LOC,geography,Levante,Levante,text_diplomatic,409,416,"*, che fanno instantia di poter mandar a levar in Levante li suoi cavedali con una nave fiamenga per le cau",NER_authority,pending_expert_validation,proposed,563ec8e867c275acf0eeae1ca8f8da8162ee2116d9812b23aebe215df4e48f0a,rules-ner-1,aab4bde042c44e48e5dd7eaaf862d97e6b82c4fbcf48b269781a4312bdbcda6c
2b69fd2e0770cb6283cf80da446d78ebe837f03e98424ca03b36381a7809a565,R142_0028,LOC,geography,Levante,Levante,text_diplomatic,1079,1086,"anco le navi venetiane, et particolarmente per il Levante, il qual viaggio era destinato per cittadini suoi",NER_authority,pending_expert_validation,proposed,563ec8e867c275acf0eeae1ca8f8da8162ee2116d9812b23aebe215df4e48f0a,rules-ner-1,aab4bde042c44e48e5dd7eaaf862d97e6b82c4fbcf48b269781a4312bdbcda6c
67b43ec80a25243567aca3a0dd9967befb85a3c770b568c9d3e8dbc5f07435df,R142_0028,LOC,geography,Zante,Zante,text_diplomatic,1812,1817,"ndorono introducendo forestieri nelli negotij del Zante, et Zeffalonia, et in Candia et poi in tutte le s",NER_authority,pending_expert_validation,proposed,563ec8e867c275acf0eeae1ca8f8da8162ee2116d9812b23aebe215df4e48f0a,rules-ner-1,aab4bde042c44e48e5dd7eaaf862d97e6b82c4fbcf48b269781a4312bdbcda6c
d6aacde12482f9b6ce8aad060510fb3f630812e7b57fe6d9c180d2edb677bc0e,R142_0028,LOC,geography,Candia,Candia,text_diplomatic,1840,1846,"eri nelli negotij del Zante, et Zeffalonia, et in Candia et poi in tutte le scalle del Levante, si fattame",NER_authority,pending_expert_validation,proposed,563ec8e867c275acf0eeae1ca8f8da8162ee2116d9812b23aebe215df4e48f0a,rules-ner-1,aab4bde042c44e48e5dd7eaaf862d97e6b82c4fbcf48b269781a4312bdbcda6c
c6c151b73020efefd7779a8bfd087686e88bf8072f36d9db20338bdd06429879,R142_0028,LOC,geography,Levante,Levante,text_diplomatic,1877,1884,"lonia, et in Candia et poi in tutte le scalle del Levante, si fattamente, che conducendo in quelle parti de",NER_authority,pending_expert_validation,proposed,563ec8e867c275acf0eeae1ca8f8da8162ee2116d9812b23aebe215df4e48f0a,rules-ner-1,aab4bde042c44e48e5dd7eaaf862d97e6b82c4fbcf48b269781a4312bdbcda6c
0e2be01fdf48ecc245f5d8a3fcaab4843c1c5133935cb7924fd48d85222427cf,R142_0028,LOC,geography,Venezia,Venetia,text_diplomatic,1968,1975," quelle parti delle loro mercantie solite venir a Venetia, et estrahendone per le loro parti hanno posto co",NER_authority,pending_expert_validation,proposed,563ec8e867c275acf0eeae1ca8f8da8162ee2116d9812b23aebe215df4e48f0a,rules-ner-1,aab4bde042c44e48e5dd7eaaf862d97e6b82c4fbcf48b269781a4312bdbcda6c
8558c8ad952f62526b9fc4c49199d60fa85ed0174e4be0c98316d07dd791aff7,R142_0028,LOC,geography,Venezia,Venetia,text_diplomatic,2499,2506,"de, et alla grossa spesa che vi va a fabricarne a Venetia / andamo pero noi pensando ogni giorno per dar pa",NER_authority,pending_expert_validation,proposed,563ec8e867c275acf0eeae1ca8f8da8162ee2116d9812b23aebe215df4e48f0a,rules-ner-1,aab4bde042c44e48e5dd7eaaf862d97e6b82c4fbcf48b269781a4312bdbcda6c
fa59f081045b8c242c4a2b25dd1a267845dcb651bee2c74ce08d7ad68584a330,R142_0028,LOC,geography,Levante,Levante,text_diplomatic,2836,2843,"luto permetter la Ser.ta V.ra, che il negotio del Levante ne il carico delle mercantie sij fatto da altri, ",NER_authority,pending_expert_validation,proposed,563ec8e867c275acf0eeae1ca8f8da8162ee2116d9812b23aebe215df4e48f0a,rules-ner-1,aab4bde042c44e48e5dd7eaaf862d97e6b82c4fbcf48b269781a4312bdbcda6c
4c1e9205dd0b483dee0aedbcdb067a58bfc79cde416ff3f81a54cfaf2632700f,R142_0028,LOC,geography,Levante,Levante,text_diplomatic,3040,3047," permissione del caricar sopra nave forestiera in Levante, ben credemo sicuramente, che con questo essidio ",NER_authority,pending_expert_validation,proposed,563ec8e867c275acf0eeae1ca8f8da8162ee2116d9812b23aebe215df4e48f0a,rules-ner-1,aab4bde042c44e48e5dd7eaaf862d97e6b82c4fbcf48b269781a4312bdbcda6c
f55095de1fb83a15f1ec209735c52ad04688ea0d01b32d539a306f3667ca6781,R142_0028,LOC,geography,Levante,levante,text_diplomatic,3367,3374,"gliono caricar cosa alcuna in questa citta, ne in levante se non li suoi cavedali et che andaranno sicuri r",NER_authority,pending_expert_validation,proposed,563ec8e867c275acf0eeae1ca8f8da8162ee2116d9812b23aebe215df4e48f0a,rules-ner-1,aab4bde042c44e48e5dd7eaaf862d97e6b82c4fbcf48b269781a4312bdbcda6c
e98dc95c9519b5ffced1b85c20e698828e9d9e9bdcf2786c84ddf4a1c5b64b29,R142_0028,LOC,geography,Levante,levante,text_diplomatic,3639,3646,"issimile, che vogliano far capitar quella nave in levante senza alcun carico, ma ben andamo dubitando che v",NER_authority,pending_expert_validation,proposed,563ec8e867c275acf0eeae1ca8f8da8162ee2116d9812b23aebe215df4e48f0a,rules-ner-1,aab4bde042c44e48e5dd7eaaf862d97e6b82c4fbcf48b269781a4312bdbcda6c
ce86c1b8ce468f12078f2d2b017e07ddf418469f45d3425921bf2724c0eee5b0,R142_0028,LOC,geography,Levante,levante,text_diplomatic,4008,4015,"ato, et sopportato. Et quando anco capiteranno in levante non solamente procureranno di riccever li suoi ca",NER_authority,pending_expert_validation,proposed,563ec8e867c275acf0eeae1ca8f8da8162ee2116d9812b23aebe215df4e48f0a,rules-ner-1,aab4bde042c44e48e5dd7eaaf862d97e6b82c4fbcf48b269781a4312bdbcda6c
c51f1c2dbfa73bcf95e80d1d302276b11ab4994f128a22093fe626a9bea4dd4d,R142_0028,LOC,geography,Levante,levante,text_diplomatic,5061,5068,"ti suoi, che saranno pronti per la navigation del levante in termini di tutto il mese venturo, et parte di ",NER_authority,pending_expert_validation,proposed,563ec8e867c275acf0eeae1ca8f8da8162ee2116d9812b23aebe215df4e48f0a,rules-ner-1,aab4bde042c44e48e5dd7eaaf862d97e6b82c4fbcf48b269781a4312bdbcda6c
db652cbffceea04f86d7267a76c49aeae498a47c2fe75c077d7d224f1d376d02,R142_0028,LOC,geography,Levante,Levante,marginal_note_raw,57,64,restiere perche non siano nolizate in caricar per Levante ss.ri Parc.li della Citta,NER_authority,pending_expert_validation,proposed,096f03f2617bc349469f4be9bba6441f4e1d443d71bf4dac8b5bcde672d3d51a,rules-ner-1,aab4bde042c44e48e5dd7eaaf862d97e6b82c4fbcf48b269781a4312bdbcda6c
4a783aaf5ce93b4d638c43d6716e815e0be36c332319c532ee468350729d5653,R142_0029,PER,actors,Nicolò Zucato,Nicolò Zucato,text_diplomatic,0,13,"Nicolò Zucato insida per le bollette, che fanno piu d'un viaggi",NER_person_name,pending_expert_validation,unresolved,f3908f0d768a4449d1485588fb3b17281d7d7add6689361711f44ba6ee9048ff,rules-ner-1,aab4bde042c44e48e5dd7eaaf862d97e6b82c4fbcf48b269781a4312bdbcda6c
90c19096534c987c9bf56db65af2b40fcb2f98b27a3731fa31f60d1f4cd8f01b,R142_0029,PER,actors,Nicolo Zucato,Nicolo Zucato,text_diplomatic,87,100," che fanno piu d'un viaggio. La supp.ne del fedel Nicolo Zucato, et la scrittura presentata alle SS.rie VV. Ecc.m",NER_person_context,pending_expert_validation,unresolved,f3908f0d768a4449d1485588fb3b17281d7d7add6689361711f44ba6ee9048ff,rules-ner-1,aab4bde042c44e48e5dd7eaaf862d97e6b82c4fbcf48b269781a4312bdbcda6c
b7f3c0b3a0f8ff6b6876272181c6764a0576a9b143a6e12740b00a68da4ffd79,R142_0029,PER,actors,Nicolò Zucato,Nicolò Zucato,marginal_note_raw,0,13,"Nicolò Zucato insida per le bollette, che fanno piu d’un viaggi",NER_person_name,pending_expert_validation,unresolved,6c5723f719c2addb3f108a5663bf4be62e4169c35db4cb737f03c825ed69ff8e,rules-ner-1,aab4bde042c44e48e5dd7eaaf862d97e6b82c4fbcf48b269781a4312bdbcda6c
17c3a31afa5271412a24dc4bf17c7bf20a0a3f7b58a80ae28cf7e53b04244ebc,R142_0030,PER,actors,Prospero Colombo,Prospero Colombo,text_diplomatic,29,45,Ricordi circa le uve passe / Prospero Colombo per la navigation / proroga delle lane/ vasselli ,NER_person_name,pending_expert_validation,unresolved,1c6e228049b8af3140d43d6c4c06cfa91202a60702f18fe7edeb67acbef5a11f,rules-ner-1,aab4bde042c44e48e5dd7eaaf862d97e6b82c4fbcf48b269781a4312bdbcda6c
19811c3e1731810f0f3fbc118bddeca3d3333c160702f7e739595c5c34bb1c33,R142_0030,ORG,institutional_terms,Cinque Savi alla Mercanzia,savij alla mercantia,text_diplomatic,151,171,ieri/ inglesi/ Turchi habitationi. Ricordi de noi savij alla mercantia intorno le infrascritte materie da esser lette ne,NER_authority,pending_expert_validation,proposed,1c6e228049b8af3140d43d6c4c06cfa91202a60702f18fe7edeb67acbef5a11f,rules-ner-1,aab4bde042c44e48e5dd7eaaf862d97e6b82c4fbcf48b269781a4312bdbcda6c
3bea9290e190eb694e1001dbe4852510501cc5f31961becd9e8819dacf86697a,R142_0030,ORG,institutional_terms,Collegio,collegio,text_diplomatic,231,239,e infrascritte materie da esser lette nell'Ecc.mo collegio et prima / Havendo noi etc raccordato con nostra ,NER_authority,pending_expert_validation,proposed,1c6e228049b8af3140d43d6c4c06cfa91202a60702f18fe7edeb67acbef5a11f,rules-ner-1,aab4bde042c44e48e5dd7eaaf862d97e6b82c4fbcf48b269781a4312bdbcda6c
c965929d6f6bf51d5bacc32dc90de32fa274aba538b382abbc52818497d169cc,R142_0030,LOC,geography,Zante,Zante,text_diplomatic,508,513," contrabando vengono estratte dalle sue Isole del Zante, et Zeffalonia per Ponente contra la forma della ",NER_authority,pending_expert_validation,proposed,1c6e228049b8af3140d43d6c4c06cfa91202a60702f18fe7edeb67acbef5a11f,rules-ner-1,aab4bde042c44e48e5dd7eaaf862d97e6b82c4fbcf48b269781a4312bdbcda6c
857b2b5cfaafba06edf147247267beff83f5803a5d338c3eb13b366c150ac518,R142_0030,LOC,geography,Ponente,Ponente,text_diplomatic,533,540,"atte dalle sue Isole del Zante, et Zeffalonia per Ponente contra la forma della parte del Senato, che dispo",NER_authority,pending_expert_validation,proposed,1c6e228049b8af3140d43d6c4c06cfa91202a60702f18fe7edeb67acbef5a11f,rules-ner-1,aab4bde042c44e48e5dd7eaaf862d97e6b82c4fbcf48b269781a4312bdbcda6c
7b95b242a10b25c5e83ca1fdc8ba2ef1780076a2059e3ec5e046f1f4c8e0fa37,R142_0030,ORG,institutional_terms,Senato,Senato,text_diplomatic,573,579,"lonia per Ponente contra la forma della parte del Senato, che dispone, che siano tutte condotte a Venetia ",NER_authority,pending_expert_validation,proposed,1c6e228049b8af3140d43d6c4c06cfa91202a60702f18fe7edeb67acbef5a11f,rules-ner-1,aab4bde042c44e48e5dd7eaaf862d97e6b82c4fbcf48b269781a4312bdbcda6c
543dde297eb7af44b106e6ff293c45fc73baaecac63539f27b57f712c6546097,R142_0030,LOC,geography,Venezia,Venetia,text_diplomatic,621,628,"l Senato, che dispone, che siano tutte condotte a Venetia et desiderando noi, che sia data espeditione a qu",NER_authority,pending_expert_validation,proposed,1c6e228049b8af3140d43d6c4c06cfa91202a60702f18fe7edeb67acbef5a11f,rules-ner-1,aab4bde042c44e48e5dd7eaaf862d97e6b82c4fbcf48b269781a4312bdbcda6c
fa414bee5545ff937091e5797e3027f435f4c1b848299483b8dd19720259dc6a,R142_0030,PER,actors,Prospero Colombo,Prospero Colombo,text_diplomatic,861,877,"otto 22 Feb° passato, rispondendo alla supp.ne di Prospero Colombo intorno il negotio della navigation di Ponente, e",NER_person_context,pending_expert_validation,unresolved,1c6e228049b8af3140d43d6c4c06cfa91202a60702f18fe7edeb67acbef5a11f,rules-ner-1,aab4bde042c44e48e5dd7eaaf862d97e6b82c4fbcf48b269781a4312bdbcda6c
95d4d7fd2edd7bd51f00cd1a4ac6d3d8904e4be6669a18c5e011335ebc02878c,R142_0030,LOC,geography,Ponente,Ponente,text_diplomatic,917,924,"ro Colombo intorno il negotio della navigation di Ponente, et circa la proroga della essentione delle lane,",NER_authority,pending_expert_validation,proposed,1c6e228049b8af3140d43d6c4c06cfa91202a60702f18fe7edeb67acbef5a11f,rules-ner-1,aab4bde042c44e48e5dd7eaaf862d97e6b82c4fbcf48b269781a4312bdbcda6c
933ee33dc5bfef60039d29e3f903c0935bdaa9779406c90a46692ac1110a8b1a,R142_0030,ORG,institutional_terms,Senato,Senato,text_diplomatic,2351,2357,"honestà si tralasciano, fu deliberato dall'Ecc.mo Senato del 1588.4. Zugno, et 1589. 28. Marzo qui occluse",NER_authority,pending_expert_validation,proposed,1c6e228049b8af3140d43d6c4c06cfa91202a60702f18fe7edeb67acbef5a11f,rules-ner-1,aab4bde042c44e48e5dd7eaaf862d97e6b82c4fbcf48b269781a4312bdbcda6c
b5e29f3505bde3c5cb07a259eec1f6404890124379809440c492c18dd4314bd0,R142_0030,LOC,geography,Ferrara,Ferrara,text_diplomatic,2552,2559,"che la casa, et loco, che era già del S.r Duca di Ferrara sij capacissimo, et attissimo per questo servitio",NER_authority,pending_expert_validation,proposed,1c6e228049b8af3140d43d6c4c06cfa91202a60702f18fe7edeb67acbef5a11f,rules-ner-1,aab4bde042c44e48e5dd7eaaf862d97e6b82c4fbcf48b269781a4312bdbcda6c
1a01668f3bd3decb66d2c2a9580a5462dfc0fcf78465cc92512ccd943f4a8597,R142_0030,PER,actors,Prospero Colombo,Prospero Colombo,marginal_note_raw,29,45,Ricordi circa le uve passe / Prospero Colombo per la navigation / proroga delle lane / vasselli,NER_person_name,pending_expert_validation,unresolved,51e253397a934c77446064748617f6546927903c51a127403ed48a2e5083cc7f,rules-ner-1,aab4bde042c44e48e5dd7eaaf862d97e6b82c4fbcf48b269781a4312bdbcda6c
a768f3e9787d4f5814e426833ef5d94e562d5008b2d29c77b91fe6756a0b877f,R142_0031,PER,actors,Hippolito de Ferigo,Hippolito de Ferigo,text_diplomatic,14,33,"La supp.ne de Hippolito de Ferigo patron de burchio, et Iseppo Peruser et altri mer",NER_person_context,pending_expert_validation,unresolved,54c7ec26853567972e1e9493c018c5dcc3ca3e8ab226e9f70b39cf68188f80a5,rules-ner-1,aab4bde042c44e48e5dd7eaaf862d97e6b82c4fbcf48b269781a4312bdbcda6c
2d3545087fdfd0542ceab5f8d9796008a74f277ba5574944ae62aeaed720b84b,R142_0031,PER,actors,Iseppo Peruser,Iseppo Peruser,text_diplomatic,56,70,"p.ne de Hippolito de Ferigo patron de burchio, et Iseppo Peruser et altri mercanti che negotiano per il viaggio di",NER_person_name,pending_expert_validation,unresolved,54c7ec26853567972e1e9493c018c5dcc3ca3e8ab226e9f70b39cf68188f80a5,rules-ner-1,aab4bde042c44e48e5dd7eaaf862d97e6b82c4fbcf48b269781a4312bdbcda6c
989fe76b6ce19e0bd493e7aaefe1b8a5c9dbf92efa1eb339fd24ee008e8bc50f,R142_0031,LOC,geography,Verona,Verona,text_diplomatic,121,127,"et altri mercanti che negotiano per il viaggio di Verona in Lombardia, et da Lombardia per Venetia, nella ",NER_authority,pending_expert_validation,proposed,54c7ec26853567972e1e9493c018c5dcc3ca3e8ab226e9f70b39cf68188f80a5,rules-ner-1,aab4bde042c44e48e5dd7eaaf862d97e6b82c4fbcf48b269781a4312bdbcda6c
c9f57475afb31479d4b07aba0864a5f2d5aff664b8a38d61b085e866340128e9,R142_0031,LOC,geography,Venezia,Venetia,text_diplomatic,162,169,"aggio di Verona in Lombardia, et da Lombardia per Venetia, nella quale esplicando diversi mancmenti, che ve",NER_authority,pending_expert_validation,proposed,54c7ec26853567972e1e9493c018c5dcc3ca3e8ab226e9f70b39cf68188f80a5,rules-ner-1,aab4bde042c44e48e5dd7eaaf862d97e6b82c4fbcf48b269781a4312bdbcda6c
f6cddf9c76f8c771743a8f04b92d85b72d660bda2d40d7f2109665774a746c81,R142_0031,PER,actors,Galvan Cassatta,Galvan Cassatta,text_diplomatic,241,256,"do diversi mancmenti, che vengono commerssi da un Galvan Cassatta un suo figliuolo, come datiari, ricercano, che si",NER_person_name,pending_expert_validation,unresolved,54c7ec26853567972e1e9493c018c5dcc3ca3e8ab226e9f70b39cf68188f80a5,rules-ner-1,aab4bde042c44e48e5dd7eaaf862d97e6b82c4fbcf48b269781a4312bdbcda6c
6ea63c9f6ab83bb8cf9029a0d94cf4e6527f3a2487eea417cc5a34de59858ef2,R142_0031,LOC,geography,Rovigo,Rovigo,text_diplomatic,330,336,"datiari, ricercano, che sia delegato al Rettor di Rovigo, o all'officio nostro tutte le tirrannie estorsio",NER_authority,pending_expert_validation,proposed,54c7ec26853567972e1e9493c018c5dcc3ca3e8ab226e9f70b39cf68188f80a5,rules-ner-1,aab4bde042c44e48e5dd7eaaf862d97e6b82c4fbcf48b269781a4312bdbcda6c
189a41401d2a9829fdecf00bb76a7c72e5fb289ca3343fed693b1f89b3a54005,R142_0031,LOC,geography,Verona,Verona,text_diplomatic,1197,1203,biamo veduto dalla copia di un processo formato a Verona sopra la presente supp.ne ad ist.a di essi sop.ti,NER_authority,pending_expert_validation,proposed,54c7ec26853567972e1e9493c018c5dcc3ca3e8ab226e9f70b39cf68188f80a5,rules-ner-1,aab4bde042c44e48e5dd7eaaf862d97e6b82c4fbcf48b269781a4312bdbcda6c
bc7e7b7d322b08b43758d5b140a9b1419f566c31131420d892126a642ff0b81c,R142_0031,LOC,geography,Rovigo,Rovigo,text_diplomatic,2127,2133," questo negotio al signor Podestà, et Capitano di Rovigo con auttorità di far esseguire essa tariffa, come",NER_authority,pending_expert_validation,proposed,54c7ec26853567972e1e9493c018c5dcc3ca3e8ab226e9f70b39cf68188f80a5,rules-ner-1,aab4bde042c44e48e5dd7eaaf862d97e6b82c4fbcf48b269781a4312bdbcda6c
944474e08041eb0a27b418db198ebe93078cae917abba51018ca19a465acf5cc,R142_0032,PER,actors,Roco Zignoni,Roco Zignoni,text_diplomatic,51,63,"ispondendo noi sopra la mercantia alla supp.ne de Roco Zignoni Governator principal nel datio dell'Insida, per l",NER_person_context,pending_expert_validation,unresolved,a00de06ccef8d8fd21677e0a5c1354a25692fcd11fde6300194c3036192d499c,rules-ner-1,aab4bde042c44e48e5dd7eaaf862d97e6b82c4fbcf48b269781a4312bdbcda6c
5d0e093d2a6b03525e202754a96f4f00ecad76400e637f201eabe9237ada6053,R142_0032,PER,actors,Zuanne di Alessi,Zuanne di Alessi,text_diplomatic,371,387,"tà V. come il detto supplicante fu arlievo del q. Zuanne di Alessi, che fu Governator similmente di quel datio, dopo",NER_person_context,pending_expert_validation,unresolved,a00de06ccef8d8fd21677e0a5c1354a25692fcd11fde6300194c3036192d499c,rules-ner-1,aab4bde042c44e48e5dd7eaaf862d97e6b82c4fbcf48b269781a4312bdbcda6c
f8d628ef59e1c6fb43ab3184ee324efbb2555469966278b6e8e350fe396fab8e,R142_0032,PER,actors,Zuanne d'Alessi,Zuanne d'Alessi,text_diplomatic,954,969,"bollette, et havendo noi veduto, come il detto q. Zuanne d'Alessi per le fatiche assidue fatte da lui nel servitio ",NER_person_context,pending_expert_validation,unresolved,a00de06ccef8d8fd21677e0a5c1354a25692fcd11fde6300194c3036192d499c,rules-ner-1,aab4bde042c44e48e5dd7eaaf862d97e6b82c4fbcf48b269781a4312bdbcda6c
c44eed886effcead23047d61024a6884f508bf6aed3422639bf1b9cae2a530ea,R142_0032,PER,actors,Roco Zignoni,Roco Zignoni,marginal_note_raw,7,19,Insida Roco Zignoni Gov.r accred.o,NER_person_name,pending_expert_validation,unresolved,38459614ec6ccd960b9113222bcc0a588479095fe79a464088ee164816bf43f8,rules-ner-1,aab4bde042c44e48e5dd7eaaf862d97e6b82c4fbcf48b269781a4312bdbcda6c
13a03ee560fdfdfe99952da878db68f1959029f9a81ea44b3885f9be3ffc45ec,R142_0034,PER,actors,Lucillo Fossato,Lucillo Fossato,text_diplomatic,14,29,"La supp.ne de Lucillo Fossato, per la quale ricerca, che la S.V. si degni di co",NER_person_context,pending_expert_validation,unresolved,72988d551e15825c149efb4945bb5db1a3a99416bced4f14e03b0aa560204926,rules-ner-1,aab4bde042c44e48e5dd7eaaf862d97e6b82c4fbcf48b269781a4312bdbcda6c
763139497ec4a129d783dd4fcac033db69cb32e7dcb30944cf607c232f47487c,R142_0034,LOC,geography,Venezia,Venetia,text_diplomatic,259,266,"la, dove erano caricati per consegnar a lui qua a Venetia, et ciò senza spesa alcuna, et che parimente lasc",NER_authority,pending_expert_validation,proposed,72988d551e15825c149efb4945bb5db1a3a99416bced4f14e03b0aa560204926,rules-ner-1,aab4bde042c44e48e5dd7eaaf862d97e6b82c4fbcf48b269781a4312bdbcda6c
67705f3605cde9526f339a036ce062052483613e24df59c7fc44291d63796a33,R142_0034,ORG,institutional_terms,Senato,Senato,text_diplomatic,597,603,"ntemente le dicemo, come per la legge dell'Ecc.mo Senato de 19 April 1524 che sarà qui occlusa fu statuito",NER_authority,pending_expert_validation,proposed,72988d551e15825c149efb4945bb5db1a3a99416bced4f14e03b0aa560204926,rules-ner-1,aab4bde042c44e48e5dd7eaaf862d97e6b82c4fbcf48b269781a4312bdbcda6c
ed6e68c05300d6c6d2af8d38384aab86257699bb4bf79b5c3e69837082a8e37e,R142_0034,LOC,geography,Levante,Levante,text_diplomatic,781,788,"e con forestieri, ne quelle mandar alli viaggi di Levante sotto gravissime pene, et come in quella, per ess",NER_authority,pending_expert_validation,proposed,72988d551e15825c149efb4945bb5db1a3a99416bced4f14e03b0aa560204926,rules-ner-1,aab4bde042c44e48e5dd7eaaf862d97e6b82c4fbcf48b269781a4312bdbcda6c
1a46b9565713dd05d4d0f942b2b672eadd129b67497adfe5c6e936419dbd50ce,R142_0034,PER,actors,Lucillo Fossato,Lucillo Fossato,marginal_note_raw,0,15,Lucillo Fossato Costantinopoli per un groppo de cechini,NER_person_name,pending_expert_validation,unresolved,ae4eac2e408d0cef56a05ade654e3f4e3d9e2eaecf3bf88eee49eacc6cf7567f,rules-ner-1,aab4bde042c44e48e5dd7eaaf862d97e6b82c4fbcf48b269781a4312bdbcda6c
f42466bceb48c0f8f873f64e158e74dee9282c5d0cfb636ffd81eb9cb3478146,R142_0034,LOC,geography,Costantinopoli,Costantinopoli,marginal_note_raw,16,30,Lucillo Fossato Costantinopoli per un groppo de cechini,NER_authority,pending_expert_validation,proposed,ae4eac2e408d0cef56a05ade654e3f4e3d9e2eaecf3bf88eee49eacc6cf7567f,rules-ner-1,aab4bde042c44e48e5dd7eaaf862d97e6b82c4fbcf48b269781a4312bdbcda6c
47ea60d8263a7acee6f228c3286ede0c7280a510b225d8b5c67c2358fc9ee42a,R142_0035,ORG,institutional_terms,Proveditori di Commun,Prov.ri di Commun,text_diplomatic,252,269,". Onde si vede per il processo formato alli ss.ri Prov.ri di Commun loro haver habitato la Città de avantaggio, et mo",NER_authority,pending_expert_validation,proposed,1b3405cf3b2aad97e51de4aa2a623fdf115fa41df8f965ffc0f19e07fc5728d9,rules-ner-1,aab4bde042c44e48e5dd7eaaf862d97e6b82c4fbcf48b269781a4312bdbcda6c
f3ce33e4f6362a765b1c064fc790b3df11cb79764a38cc9beda63b3c096c4015,R142_0035,LOC,geography,Levante,Levante,text_diplomatic,1779,1786,"per quelli, che hanno libertà di negotiare per il Levante, come procurano questi, et poi quando sono conces",NER_authority,pending_expert_validation,proposed,1b3405cf3b2aad97e51de4aa2a623fdf115fa41df8f965ffc0f19e07fc5728d9,rules-ner-1,aab4bde042c44e48e5dd7eaaf862d97e6b82c4fbcf48b269781a4312bdbcda6c
42098f828079c4d0fff7a9194d0a1a8772ed056b02e90e2c454b5074b9ea65a6,R142_0035,LOC,geography,Levante,Levante,text_diplomatic,2096,2103,"ttadini di poter negotiar nelle scale di tutto il Levante con augumento del negotio, et della navigatione, ",NER_authority,pending_expert_validation,proposed,1b3405cf3b2aad97e51de4aa2a623fdf115fa41df8f965ffc0f19e07fc5728d9,rules-ner-1,aab4bde042c44e48e5dd7eaaf862d97e6b82c4fbcf48b269781a4312bdbcda6c
9d742ff300a73fabac9ae02bfc0b2ce6a9374558b0de63f7800114253e4803e1,R142_0035,PER,actors,Piero di Federighi,Piero di Federighi,marginal_note_raw,57,75,"ta di cittadinanza per Nadal, Antonio e zuanne q. Piero di Federighi",NER_person_context,pending_expert_validation,unresolved,840ad42ed74f68771aa9a61194640a45f1d3cbd5d4ac7ec5c0c337aadcbe1302,rules-ner-1,aab4bde042c44e48e5dd7eaaf862d97e6b82c4fbcf48b269781a4312bdbcda6c
f083bcdd59195866b96004778fb0ce931d6c9506f5516e7258dfe07c773e2e06,R142_0035,PER,actors,Ruzier Ruzini,Ruzier Ruzini,signatories_raw,0,13,"Ruzier Ruzini, Fantin Diedo, Maffio Michiel, Ger° Corner / ab. ",NER_authority,pending_expert_validation,proposed,e07bc55b07cf48c88fc3162b49f30b131e2c443733a6173b19659a1a52c27a30,rules-ner-1,aab4bde042c44e48e5dd7eaaf862d97e6b82c4fbcf48b269781a4312bdbcda6c
245d8231d1c042d3d1dae5b6f15ece7635d3755d816231d716726fc69b15254a,R142_0035,PER,actors,Fantin Diedo,Fantin Diedo,signatories_raw,15,27,"Ruzier Ruzini, Fantin Diedo, Maffio Michiel, Ger° Corner / ab. il cl.mo Soran",NER_person_name,pending_expert_validation,unresolved,e07bc55b07cf48c88fc3162b49f30b131e2c443733a6173b19659a1a52c27a30,rules-ner-1,aab4bde042c44e48e5dd7eaaf862d97e6b82c4fbcf48b269781a4312bdbcda6c
766276cbbea161409776bc95cfa6d6895e6af342ce463ec11814575407a516c4,R142_0035,PER,actors,Maffio Michiel,Maffio Michiel,signatories_raw,29,43,"Ruzier Ruzini, Fantin Diedo, Maffio Michiel, Ger° Corner / ab. il cl.mo Soranzo",NER_authority,pending_expert_validation,confirmed,e07bc55b07cf48c88fc3162b49f30b131e2c443733a6173b19659a1a52c27a30,rules-ner-1,aab4bde042c44e48e5dd7eaaf862d97e6b82c4fbcf48b269781a4312bdbcda6c
5b850b8d3b944b149b5ecddfcfdcf07fa7fd1330cab4498be61e12badc0573be,R142_0036,PER,actors,Maffio Michiel,Maffio Michiel,text_diplomatic,13,27,"a 4 Zugno
Io Maffio Michiel alla m[ercan]tia assentisco a tutto q[ue]llo che ",NER_authority,pending_expert_validation,confirmed,4a856573641ac524dfd9f47e1347a9c4ae00d123e416997e8e208398fab25a59,rules-ner-1,aab4bde042c44e48e5dd7eaaf862d97e6b82c4fbcf48b269781a4312bdbcda6c
bc5b3410526bb9f53eaf8662721f25d681722e93652636c9553edbc30821e381,R142_0036,PER,actors,Maffio Michiel,Maffio Michiel,signatories_raw,3,17,Io Maffio Michiel (autore della postilla),NER_authority,pending_expert_validation,confirmed,5e01e2ab0a631b8bc1933e4c10751b0412df736a6a1921995985afa971302634,rules-ner-1,aab4bde042c44e48e5dd7eaaf862d97e6b82c4fbcf48b269781a4312bdbcda6c
33676b33935a878a9e80b342de6fafe131b6bdc955156dab5ca53c1eed19ea6e,R142_0037,ORG,institutional_terms,X officij,X officij,text_diplomatic,131,140,do la molestia che ricceveno dalli ministri delli X officij per occasion del giuramento ricercano di esser da,NER_authority,pending_expert_validation,proposed,583eb463b033a2750d3531264c44a32838d94d406f39621374df77741ae6b744,rules-ner-1,aab4bde042c44e48e5dd7eaaf862d97e6b82c4fbcf48b269781a4312bdbcda6c
858cc08052bd8f5f364ec7ad4e5b2a809c0c26b2acd2cd9563afb1afbb97aecd,R142_0037,ORG,institutional_terms,X officij,X officij,marginal_note_raw,35,44,Mercanti Alemani per il giuramento X officij,NER_authority,pending_expert_validation,proposed,1c71987c6e4fa25b1f831a6fd44025de8a20dac2ce494089c50ca5c60a7caab2,rules-ner-1,aab4bde042c44e48e5dd7eaaf862d97e6b82c4fbcf48b269781a4312bdbcda6c
f5f41a0eab733d230350a09e7c7758211b6cea72a00fa8859b07678789cc91ce,R142_0037,PER,actors,Marco da Riva,Marco da Riva,signatories_raw,0,13,"Marco da Riva, Ruzier ruzini, Lorenzo Barbarigo, Maffio Michiel",NER_person_name,pending_expert_validation,unresolved,f90a2231835983bc60064f858481773239caafb19a0eedd929414d3ad0a6df3d,rules-ner-1,aab4bde042c44e48e5dd7eaaf862d97e6b82c4fbcf48b269781a4312bdbcda6c
d179c31de36afdd5d144a1d42e999e59d9d60316e44628b8eb6065f02980d7fc,R142_0037,PER,actors,Ruzier Ruzini,Ruzier ruzini,signatories_raw,15,28,"Marco da Riva, Ruzier ruzini, Lorenzo Barbarigo, Maffio Michiel",NER_authority,pending_expert_validation,proposed,f90a2231835983bc60064f858481773239caafb19a0eedd929414d3ad0a6df3d,rules-ner-1,aab4bde042c44e48e5dd7eaaf862d97e6b82c4fbcf48b269781a4312bdbcda6c
1b636d8d6c298d464152a8000737e2dd2730f7cd016ab31cbb4a8018d6f9f32b,R142_0037,PER,actors,Lorenzo Barbarigo,Lorenzo Barbarigo,signatories_raw,30,47,"Marco da Riva, Ruzier ruzini, Lorenzo Barbarigo, Maffio Michiel",NER_person_name,pending_expert_validation,unresolved,f90a2231835983bc60064f858481773239caafb19a0eedd929414d3ad0a6df3d,rules-ner-1,aab4bde042c44e48e5dd7eaaf862d97e6b82c4fbcf48b269781a4312bdbcda6c
c4e2f3751013dfb51b5d06183d25bc9f063c20c10c02f851446c3ab66185b5e3,R142_0037,PER,actors,Maffio Michiel,Maffio Michiel,signatories_raw,49,63,"Marco da Riva, Ruzier ruzini, Lorenzo Barbarigo, Maffio Michiel",NER_authority,pending_expert_validation,confirmed,f90a2231835983bc60064f858481773239caafb19a0eedd929414d3ad0a6df3d,rules-ner-1,aab4bde042c44e48e5dd7eaaf862d97e6b82c4fbcf48b269781a4312bdbcda6c
1f51d73efba76f55c8019def36ddea9c4812a2414c9f726add760678cec3cb4e,R142_0039,PER,actors,Antonio Gallo,Antonio Gallo,text_diplomatic,23,36,"La supplicatione di m. Antonio Gallo Bergamasco, nella quale narrando la esperienza pe",NER_person_context,pending_expert_validation,unresolved,9f1e85e52d7abc9de6f2cba33f5e66a43603c3e143e3dc17ba3a79d1b134aebe,rules-ner-1,aab4bde042c44e48e5dd7eaaf862d97e6b82c4fbcf48b269781a4312bdbcda6c
fe8b6ac2decf9f92366b402f82e9ce2dcab92408d5fab01254da129668e77bc0,R142_0039,LOC,geography,Bergamo,Bergamo,text_diplomatic,100,107,"ella quale narrando la esperienza per lui fatta a Bergamo nella fabrica di rasse, o saglie, a uso di Fioren",NER_authority,pending_expert_validation,proposed,9f1e85e52d7abc9de6f2cba33f5e66a43603c3e143e3dc17ba3a79d1b134aebe,rules-ner-1,aab4bde042c44e48e5dd7eaaf862d97e6b82c4fbcf48b269781a4312bdbcda6c
ec5a2b7b55894e7065d488b14139a3e67ffe0884c8d852ad5f66366c8f6320e1,R142_0039,LOC,geography,Firenze,Fiorenza,text_diplomatic,151,159,"ergamo nella fabrica di rasse, o saglie, a uso di Fiorenza, come dice, riuscitagli, et essendo venuto in que",NER_authority,pending_expert_validation,proposed,9f1e85e52d7abc9de6f2cba33f5e66a43603c3e143e3dc17ba3a79d1b134aebe,rules-ner-1,aab4bde042c44e48e5dd7eaaf862d97e6b82c4fbcf48b269781a4312bdbcda6c
e210548b3f324bdf08602fcdec4da91e5d7ade2a88b6b300e545244bf5216491,R142_0039,ORG,institutional_terms,Proveditori di Commun,Proveditori di Commun,text_diplomatic,274,295,"ar l'istessa prova, havendo con licentia de ss.ri Proveditori di Commun posto un tellaro a uso di fiorenza, sperando la m",NER_authority,pending_expert_validation,proposed,9f1e85e52d7abc9de6f2cba33f5e66a43603c3e143e3dc17ba3a79d1b134aebe,rules-ner-1,aab4bde042c44e48e5dd7eaaf862d97e6b82c4fbcf48b269781a4312bdbcda6c
ce9a6fafa18d346fb20292ab90bd138211235fbfd3dbb0d9f2df1145961c64ef,R142_0039,LOC,geography,Firenze,fiorenza,text_diplomatic,322,330,"i Proveditori di Commun posto un tellaro a uso di fiorenza, sperando la medesima riuscita, ricerca però priv",NER_authority,pending_expert_validation,proposed,9f1e85e52d7abc9de6f2cba33f5e66a43603c3e143e3dc17ba3a79d1b134aebe,rules-ner-1,aab4bde042c44e48e5dd7eaaf862d97e6b82c4fbcf48b269781a4312bdbcda6c
a8a9b84fc597c4bd16a1fb27424b19b67f9a213b2c0407413d517b3e46844063,R142_0039,LOC,geography,Firenze,Fiorenza,text_diplomatic,926,934," terre aliene, et in particolar da questi fatti a Fiorenza, che vengono condotti in questa città per contrab",NER_authority,pending_expert_validation,proposed,9f1e85e52d7abc9de6f2cba33f5e66a43603c3e143e3dc17ba3a79d1b134aebe,rules-ner-1,aab4bde042c44e48e5dd7eaaf862d97e6b82c4fbcf48b269781a4312bdbcda6c
d302ea9e8ee2e36d67bf007056f0406912fff1d90b082568079ad852a6c7264a,R142_0039,ORG,institutional_terms,Proveditori di Commun,Proveditori di Commun,text_diplomatic,1735,1756,"a bollette, fede, et altro, che parera alli ss.ri Proveditori di Commun uniti co'l officio nostro, che regolorono tutta l",NER_authority,pending_expert_validation,proposed,9f1e85e52d7abc9de6f2cba33f5e66a43603c3e143e3dc17ba3a79d1b134aebe,rules-ner-1,aab4bde042c44e48e5dd7eaaf862d97e6b82c4fbcf48b269781a4312bdbcda6c
218cae39efe95d68aed97eb81ac815556e9947b046b261598fd3371410cf1a65,R142_0039,LOC,geography,Venezia,Venetia,marginal_note_raw,33,40,saggie fiorentine per fabricar a Venetia,NER_authority,pending_expert_validation,proposed,bdd08760ad1b46bc2f11348f6714b350d3c1215d5bd9c12a249b3a97f8b02efc,rules-ner-1,aab4bde042c44e48e5dd7eaaf862d97e6b82c4fbcf48b269781a4312bdbcda6c
2e92103618b3c079c30ed2757c77e70a46e07903b218ae30d495f6ad8dde4477,R142_0039,PER,actors,Marco da Riva,Marco da Riva,signatories_raw,0,13,"Marco da Riva, Ruzin Ruzini, Lorenzo Barbarigo, Maffio Michiel,",NER_person_name,pending_expert_validation,unresolved,9c432176910575b44182174b2b61e3b795de54752da88d5b39a7fa59013d1f6b,rules-ner-1,aab4bde042c44e48e5dd7eaaf862d97e6b82c4fbcf48b269781a4312bdbcda6c
0194ce9b361d8468ddff47d24b5cd73b2865ae8ea3fa5a99edb6e9e9340fda57,R142_0039,PER,actors,Lorenzo Barbarigo,Lorenzo Barbarigo,signatories_raw,29,46,"Marco da Riva, Ruzin Ruzini, Lorenzo Barbarigo, Maffio Michiel, Francesco Erizo",NER_person_name,pending_expert_validation,unresolved,9c432176910575b44182174b2b61e3b795de54752da88d5b39a7fa59013d1f6b,rules-ner-1,aab4bde042c44e48e5dd7eaaf862d97e6b82c4fbcf48b269781a4312bdbcda6c
23a0284186e35d878f4eb0c9a25e75cf7acdde39a5fff6fded6922e34eca707f,R142_0039,PER,actors,Maffio Michiel,Maffio Michiel,signatories_raw,48,62,"Marco da Riva, Ruzin Ruzini, Lorenzo Barbarigo, Maffio Michiel, Francesco Erizo",NER_authority,pending_expert_validation,confirmed,9c432176910575b44182174b2b61e3b795de54752da88d5b39a7fa59013d1f6b,rules-ner-1,aab4bde042c44e48e5dd7eaaf862d97e6b82c4fbcf48b269781a4312bdbcda6c
6f0ec505fb7ad75f97a8290a3e3779eabf78cc5fdeb54eac09013d89fb7ff92a,R142_0039,PER,actors,Francesco Erizo,Francesco Erizo,signatories_raw,64,79," Ruzin Ruzini, Lorenzo Barbarigo, Maffio Michiel, Francesco Erizo",NER_person_name,pending_expert_validation,unresolved,9c432176910575b44182174b2b61e3b795de54752da88d5b39a7fa59013d1f6b,rules-ner-1,aab4bde042c44e48e5dd7eaaf862d97e6b82c4fbcf48b269781a4312bdbcda6c
c2a6ac47459ee30f95fd03fca3beb771697743bcc6a16a29fde0e29994f08815,R142_0040,ORG,institutional_terms,Cinque Savi alla Mercanzia,Cinque Savij sopra la mercantia,text_diplomatic,97,128,"tre Ecc.me sotto l'ultimo agosto passato, che noi Cinque Savij sopra la mercantia facessimo intender a capi delle nationi interessa",NER_authority,pending_expert_validation,proposed,79b87c018c6c065a573e3e5d2b10fdf3f6bca8d6b7960b476967953e1bf79448,rules-ner-1,aab4bde042c44e48e5dd7eaaf862d97e6b82c4fbcf48b269781a4312bdbcda6c
a465a7e8f20b273e5d73ed13e6ec37e6fe1fec70953a965a2523b4d5ecc101ca,R142_0040,ORG,institutional_terms,Senato,senato,text_diplomatic,306,312,"ente fosse differito fin a tanto, che dall'ecc.mo senato restasse deciso, e terminato sopra la materia del",NER_authority,pending_expert_validation,proposed,79b87c018c6c065a573e3e5d2b10fdf3f6bca8d6b7960b476967953e1bf79448,rules-ner-1,aab4bde042c44e48e5dd7eaaf862d97e6b82c4fbcf48b269781a4312bdbcda6c
3e5abff68eec1dd1d7a6cd6f0b36c98be1e772b337aa65169d1c545fd2242a0e,R142_0040,ORG,institutional_terms,Senato,Senato,text_diplomatic,873,879,"li ori, che di breve si doveva uscire dall'Ecc.mo Senato, quali si offersero obedire, e ricceverono per lo",NER_authority,pending_expert_validation,proposed,79b87c018c6c065a573e3e5d2b10fdf3f6bca8d6b7960b476967953e1bf79448,rules-ner-1,aab4bde042c44e48e5dd7eaaf862d97e6b82c4fbcf48b269781a4312bdbcda6c
1f7f9fe9187b73b20e6e42f0a53a1a951e7a7c2425aa37cd267afd02c6740a25,R142_0040,ORG,institutional_terms,Senato,senato,text_diplomatic,1551,1557,"avendo in consideratione la intention publica del senato, che detta regolatione dovessi haver effetto, par",NER_authority,pending_expert_validation,proposed,79b87c018c6c065a573e3e5d2b10fdf3f6bca8d6b7960b476967953e1bf79448,rules-ner-1,aab4bde042c44e48e5dd7eaaf862d97e6b82c4fbcf48b269781a4312bdbcda6c
152117de7fc4c68828adc67d2375ad1b520222ba600c84077316b00865bd8a8e,R142_0040,PER,actors,Ruberto Strozzi,Ruberto Strozzi,text_diplomatic,3379,3394,"omma diligenza esseguite. Et fatto venir a noi D. Ruberto Strozzi consolo della Nation fiorentina, et D. Z. Battist",NER_person_context,pending_expert_validation,unresolved,79b87c018c6c065a573e3e5d2b10fdf3f6bca8d6b7960b476967953e1bf79448,rules-ner-1,aab4bde042c44e48e5dd7eaaf862d97e6b82c4fbcf48b269781a4312bdbcda6c
c2f6e49ea8bc4833633aa2bdfebbc1dc042e939c436693ea49c77752ef58776d,R142_0040,PER,actors,Z. Battista Ferrari,Z. Battista Ferrari,text_diplomatic,3434,3453,"to Strozzi consolo della Nation fiorentina, et D. Z. Battista Ferrari consolo de Genovesi furono interrogati sopra dive",NER_person_context,pending_expert_validation,unresolved,79b87c018c6c065a573e3e5d2b10fdf3f6bca8d6b7960b476967953e1bf79448,rules-ner-1,aab4bde042c44e48e5dd7eaaf862d97e6b82c4fbcf48b269781a4312bdbcda6c
6729c0a3e84c32250fe9410a8d331c8f86076b45e3a734edb9397f9ff13e5470,R142_0040,LOC,geography,Venezia,Venetia,text_diplomatic,4396,4403,"oro conto non ha relatione solamente a negotij di Venetia, ma ad agiustare li loro conti di credito o debit",NER_authority,pending_expert_validation,proposed,79b87c018c6c065a573e3e5d2b10fdf3f6bca8d6b7960b476967953e1bf79448,rules-ner-1,aab4bde042c44e48e5dd7eaaf862d97e6b82c4fbcf48b269781a4312bdbcda6c
12091e0fb42aaf09c2f5c073aa10e0e56fd3cfb0e79842cea3b2c75f18d25254,R142_0040,PER,actors,Marco da Riva,Marco da Riva,signatories_raw,0,13,"Marco da Riva, Ruzin Ruzini, Lorenzo Barbarigo, Maffio Michiel,",NER_person_name,pending_expert_validation,unresolved,49261baffdac4150259b595669903bbe26e53cf9a177276858badd795437a2cc,rules-ner-1,aab4bde042c44e48e5dd7eaaf862d97e6b82c4fbcf48b269781a4312bdbcda6c
e6760141a40e94a326ebc94e6adcb64a207d05b23d26866270f8dfa0aa301e09,R142_0040,PER,actors,Lorenzo Barbarigo,Lorenzo Barbarigo,signatories_raw,29,46,"Marco da Riva, Ruzin Ruzini, Lorenzo Barbarigo, Maffio Michiel, Francesco Erizzo",NER_person_name,pending_expert_validation,unresolved,49261baffdac4150259b595669903bbe26e53cf9a177276858badd795437a2cc,rules-ner-1,aab4bde042c44e48e5dd7eaaf862d97e6b82c4fbcf48b269781a4312bdbcda6c
2b33bc9ab7210ced1ff589bba33dc570966e280b44708319240941b85a2ffe30,R142_0040,PER,actors,Maffio Michiel,Maffio Michiel,signatories_raw,48,62,"Marco da Riva, Ruzin Ruzini, Lorenzo Barbarigo, Maffio Michiel, Francesco Erizzo",NER_authority,pending_expert_validation,confirmed,49261baffdac4150259b595669903bbe26e53cf9a177276858badd795437a2cc,rules-ner-1,aab4bde042c44e48e5dd7eaaf862d97e6b82c4fbcf48b269781a4312bdbcda6c
04282013fd0c581079bf5781961b51abfb1f6459fc2e5f26f0ea0c18dc60c5c4,R142_0040,PER,actors,Francesco Erizzo,Francesco Erizzo,signatories_raw,64,80," Ruzin Ruzini, Lorenzo Barbarigo, Maffio Michiel, Francesco Erizzo",NER_person_name,pending_expert_validation,unresolved,49261baffdac4150259b595669903bbe26e53cf9a177276858badd795437a2cc,rules-ner-1,aab4bde042c44e48e5dd7eaaf862d97e6b82c4fbcf48b269781a4312bdbcda6c
75942288f1d490b3269a1a43c3249a495e31777fa5028f66d01ceb9ff5f243c7,R142_0041,ORG,institutional_terms,Senato,Senato,text_diplomatic,69,75,"a mercantia in essecution della parte dell'Ecc.mo Senato de 12 settembre instante, raccordar, et proponer ",NER_authority,pending_expert_validation,proposed,bb5808db088e44ba1ded9cc614498f9f4ed49f99edf88119219534da28ccbca9,rules-ner-1,aab4bde042c44e48e5dd7eaaf862d97e6b82c4fbcf48b269781a4312bdbcda6c
22c9240265fda8110fe18515720dedd613e6da9a887a338876a396ef231175db,R142_0041,ORG,institutional_terms,Senato,Senato,text_diplomatic,3909,3915,alcuna provisione fatta sopra di essa dall'Ecc.mo Senato. ET questo tanto le habbiamo voluto riferire rime,NER_authority,pending_expert_validation,proposed,bb5808db088e44ba1ded9cc614498f9f4ed49f99edf88119219534da28ccbca9,rules-ner-1,aab4bde042c44e48e5dd7eaaf862d97e6b82c4fbcf48b269781a4312bdbcda6c
0e779e3e20ea21adb99a9ca2f04e63460012ff49ab901be0cfa8334e76c4d50d,R142_0041,PER,actors,Marco da Riva,Marco da Riva,signatories_raw,0,13,"Marco da Riva, Ruzin Ruzini, Lorenzo Barb°, Maffio Michiel, Fra",NER_person_name,pending_expert_validation,unresolved,eaf54d50ff792078398557a896c84e4bcb40b0efdbbcb91e5bb3df241c358088,rules-ner-1,aab4bde042c44e48e5dd7eaaf862d97e6b82c4fbcf48b269781a4312bdbcda6c
f07f6fffda70b724c29849b32f2c52695a2eacf883fa7bd5d8d01fdb236f52d1,R142_0041,PER,actors,Lorenzo Barb,Lorenzo Barb,signatories_raw,29,41,"Marco da Riva, Ruzin Ruzini, Lorenzo Barb°, Maffio Michiel, Francesco Erizzo",NER_person_name,pending_expert_validation,unresolved,eaf54d50ff792078398557a896c84e4bcb40b0efdbbcb91e5bb3df241c358088,rules-ner-1,aab4bde042c44e48e5dd7eaaf862d97e6b82c4fbcf48b269781a4312bdbcda6c
af46908de1615b7ea6ff198fef67e21430f684b542a03d30995a1e72e1f1afdd,R142_0041,PER,actors,Maffio Michiel,Maffio Michiel,signatories_raw,44,58,"Marco da Riva, Ruzin Ruzini, Lorenzo Barb°, Maffio Michiel, Francesco Erizzo",NER_authority,pending_expert_validation,confirmed,eaf54d50ff792078398557a896c84e4bcb40b0efdbbcb91e5bb3df241c358088,rules-ner-1,aab4bde042c44e48e5dd7eaaf862d97e6b82c4fbcf48b269781a4312bdbcda6c
4a21e7c787f5140e3a32f285bc2d62da8b3000723b9a67d79d669c899e715d30,R142_0041,PER,actors,Francesco Erizzo,Francesco Erizzo,signatories_raw,60,76,"iva, Ruzin Ruzini, Lorenzo Barb°, Maffio Michiel, Francesco Erizzo",NER_person_name,pending_expert_validation,unresolved,eaf54d50ff792078398557a896c84e4bcb40b0efdbbcb91e5bb3df241c358088,rules-ner-1,aab4bde042c44e48e5dd7eaaf862d97e6b82c4fbcf48b269781a4312bdbcda6c
e5edd29b35508a707df0d304742430d31a5f5fd7c413062b583564e472243507,R142_0042,ORG,institutional_terms,Senato,Senato,text_diplomatic,263,269,"ambij in generale conforme alla parte dell'Ecc.mo Senato de 12 settembre precedente, havendo havute sopra ",NER_authority,pending_expert_validation,proposed,71d59d8285fb820e7a0e8319e605b8274eb866833b0a963cbbfb18a2f5235b71,rules-ner-1,aab4bde042c44e48e5dd7eaaf862d97e6b82c4fbcf48b269781a4312bdbcda6c
bf3dd50a3cbe24e800eeee9b7dad196c53c5a1c8d84396377460e2c211656802,R142_0042,LOC,geography,Roma,Roma,text_diplomatic,8571,8575,"tato di Terra ferma, come hanno fatto le citta di Roma et fiorenza, per ovviar che tanto denaro di suddi",NER_authority,pending_expert_validation,proposed,71d59d8285fb820e7a0e8319e605b8274eb866833b0a963cbbfb18a2f5235b71,rules-ner-1,aab4bde042c44e48e5dd7eaaf862d97e6b82c4fbcf48b269781a4312bdbcda6c
25c274d9dbebc386c535018d698d9a563a8ce0422cc10d8fc7d9a6d9b538f575,R142_0042,LOC,geography,Firenze,fiorenza,text_diplomatic,8579,8587,"Terra ferma, come hanno fatto le citta di Roma et fiorenza, per ovviar che tanto denaro di sudditi suoi non ",NER_authority,pending_expert_validation,proposed,71d59d8285fb820e7a0e8319e605b8274eb866833b0a963cbbfb18a2f5235b71,rules-ner-1,aab4bde042c44e48e5dd7eaaf862d97e6b82c4fbcf48b269781a4312bdbcda6c
9f7e92849f65e673a759c4e1519d8295b0f6884702630e99633653eac64ae93c,R142_0042,PER,actors,Domenego Lion,Domenego Lion,signatories_raw,0,13,"Domenego Lion, Marco Gradenigo, Marin Fallier, Ferigo Dandolo",NER_person_name,pending_expert_validation,unresolved,2f96506487bc7406f888790a3646acdc3495c2217a76a61ec1df95790daed35e,rules-ner-1,aab4bde042c44e48e5dd7eaaf862d97e6b82c4fbcf48b269781a4312bdbcda6c
e45154c71cb626edd3c83d5a0802856e1d87a13bb71d2e4398ad80baeb75bc92,R142_0042,PER,actors,Marco Gradenigo,Marco Gradenigo,signatories_raw,15,30,"Domenego Lion, Marco Gradenigo, Marin Fallier, Ferigo Dandolo",NER_person_name,pending_expert_validation,unresolved,2f96506487bc7406f888790a3646acdc3495c2217a76a61ec1df95790daed35e,rules-ner-1,aab4bde042c44e48e5dd7eaaf862d97e6b82c4fbcf48b269781a4312bdbcda6c
ceaf62747f751e0c140443ec64dcc31934f025a53235fc8e7c1bd2e51ed82db2,R142_0042,PER,actors,Marin Fallier,Marin Fallier,signatories_raw,32,45,"Domenego Lion, Marco Gradenigo, Marin Fallier, Ferigo Dandolo",NER_person_name,pending_expert_validation,unresolved,2f96506487bc7406f888790a3646acdc3495c2217a76a61ec1df95790daed35e,rules-ner-1,aab4bde042c44e48e5dd7eaaf862d97e6b82c4fbcf48b269781a4312bdbcda6c
3e45d0a837a0e9b76c7752118e8ed9b02e628153fba64babaa1baea0cc326e7b,R142_0042,PER,actors,Federico Dandolo,Ferigo Dandolo,signatories_raw,47,61,"Domenego Lion, Marco Gradenigo, Marin Fallier, Ferigo Dandolo",NER_authority,pending_expert_validation,proposed,2f96506487bc7406f888790a3646acdc3495c2217a76a61ec1df95790daed35e,rules-ner-1,aab4bde042c44e48e5dd7eaaf862d97e6b82c4fbcf48b269781a4312bdbcda6c
1a63cdd3064a8dce5637de87b197a9afe1413b7cf25e43e4236d02149235bd89,R142_0044,ORG,institutional_terms,Governatori delle Intrade,Governatori delle Intrade,text_diplomatic,282,307,"ella. Vedute da noi le risposte fatte dalli ss.ri Governatori delle Intrade et officio nostro, et la commissione di novo data",NER_authority,pending_expert_validation,proposed,5744c1e5452ed70583be275dac43bc304a677ed50dacd1213cb8f49564543dff,rules-ner-1,aab4bde042c44e48e5dd7eaaf862d97e6b82c4fbcf48b269781a4312bdbcda6c
e15ceae9e583e20a80c4b7b910c5465cd82991b7d89705e667abebe25456809d,R142_0044,LOC,geography,Soria,soria,text_diplomatic,1036,1041," cosa alcuna sopra essa, ne altre, che furono per soria la Salvetta, et Pigna, per Alessandria Giustinian",NER_authority,pending_expert_validation,proposed,5744c1e5452ed70583be275dac43bc304a677ed50dacd1213cb8f49564543dff,rules-ner-1,aab4bde042c44e48e5dd7eaaf862d97e6b82c4fbcf48b269781a4312bdbcda6c
a4b07edd6265505aff43b9801c1f1bcabf70969c40637c5de4a9f6a2bec8305d,R142_0044,LOC,geography,Alessandria,Alessandria,text_diplomatic,1069,1080,", che furono per soria la Salvetta, et Pigna, per Alessandria Giustiniana, Guidota, et Roata [Reata?] con gross",NER_authority,pending_expert_validation,proposed,5744c1e5452ed70583be275dac43bc304a677ed50dacd1213cb8f49564543dff,rules-ner-1,aab4bde042c44e48e5dd7eaaf862d97e6b82c4fbcf48b269781a4312bdbcda6c
9765d2a4b2872a170cc3657b9bf7881b37d0ce44aeeb1d1eb539a6254dc7c41d,R142_0044,LOC,geography,Alessandria,Alessandria,text_diplomatic,1357,1368,"rono poi in Istria per far la massa con quelli di Alessandria, et in Colfo stettero diversi mesi et in particol",NER_authority,pending_expert_validation,proposed,5744c1e5452ed70583be275dac43bc304a677ed50dacd1213cb8f49564543dff,rules-ner-1,aab4bde042c44e48e5dd7eaaf862d97e6b82c4fbcf48b269781a4312bdbcda6c
076810a5e2d44968a7c25348aa0625794bee020c33698d065e3eaee9ba210cc9,R142_0044,LOC,geography,Ragusa,Ragusi,text_diplomatic,1423,1429,"in Colfo stettero diversi mesi et in particolar a Ragusi, di dove partite gionsero a Corfù a mezo marzo in",NER_authority,pending_expert_validation,proposed,5744c1e5452ed70583be275dac43bc304a677ed50dacd1213cb8f49564543dff,rules-ner-1,aab4bde042c44e48e5dd7eaaf862d97e6b82c4fbcf48b269781a4312bdbcda6c
634156ca42ae146993dbd2f1ac155b0d918355debbc35afbdbc9d9e2bc0f6c10,R142_0044,LOC,geography,Corfù,Corfù,text_diplomatic,1458,1463,"n particolar a Ragusi, di dove partite gionsero a Corfù a mezo marzo in circa, m in questo mentre una fre",NER_authority,pending_expert_validation,proposed,5744c1e5452ed70583be275dac43bc304a677ed50dacd1213cb8f49564543dff,rules-ner-1,aab4bde042c44e48e5dd7eaaf862d97e6b82c4fbcf48b269781a4312bdbcda6c
2ab7d65c5423290df50e3a09b6d5a8a1637d8a03d1c713732dcca0ea41859b6b,R142_0044,LOC,geography,Ragusa,Ragusi,text_diplomatic,1549,1555,"mentre una fregata mandata a posta li trovorono a Ragusi con ordine del Senato, che dovessero andar à Corf",NER_authority,pending_expert_validation,proposed,5744c1e5452ed70583be275dac43bc304a677ed50dacd1213cb8f49564543dff,rules-ner-1,aab4bde042c44e48e5dd7eaaf862d97e6b82c4fbcf48b269781a4312bdbcda6c
b736734044afdad6d570a5932381d3ecff0fc3da8d0989d21490c86163bb16ad,R142_0044,ORG,institutional_terms,Senato,Senato,text_diplomatic,1571,1577,"data a posta li trovorono a Ragusi con ordine del Senato, che dovessero andar à Corfù, et ivi fermarsi fin",NER_authority,pending_expert_validation,proposed,5744c1e5452ed70583be275dac43bc304a677ed50dacd1213cb8f49564543dff,rules-ner-1,aab4bde042c44e48e5dd7eaaf862d97e6b82c4fbcf48b269781a4312bdbcda6c
950a812f009c2df5daebbee9d3d07001cf932c1e9c333bb3305d3a7053a40fbe,R142_0044,LOC,geography,Corfù,Corfù,text_diplomatic,1601,1606,"gusi con ordine del Senato, che dovessero andar à Corfù, et ivi fermarsi fin ad altro ordine del medesimo",NER_authority,pending_expert_validation,proposed,5744c1e5452ed70583be275dac43bc304a677ed50dacd1213cb8f49564543dff,rules-ner-1,aab4bde042c44e48e5dd7eaaf862d97e6b82c4fbcf48b269781a4312bdbcda6c
8c26be547e83315db302ff03ad3e92f1a3ed392680b3676a9eb1645d94191532,R142_0044,ORG,institutional_terms,Senato,Senato,text_diplomatic,1657,1663, et ivi fermarsi fin ad altro ordine del medesimo Senato. Si partirono poi di Corfu per il suo viaggio a 2,NER_authority,pending_expert_validation,proposed,5744c1e5452ed70583be275dac43bc304a677ed50dacd1213cb8f49564543dff,rules-ner-1,aab4bde042c44e48e5dd7eaaf862d97e6b82c4fbcf48b269781a4312bdbcda6c
50b226aec10b2049a435f2a218a390e20403b92c796935895a4383b90fb44654,R142_0044,LOC,geography,Corfù,Corfu,text_diplomatic,1685,1690,o ordine del medesimo Senato. Si partirono poi di Corfu per il suo viaggio a 24 Zugno per essecution di l,NER_authority,pending_expert_validation,proposed,5744c1e5452ed70583be275dac43bc304a677ed50dacd1213cb8f49564543dff,rules-ner-1,aab4bde042c44e48e5dd7eaaf862d97e6b82c4fbcf48b269781a4312bdbcda6c
be1ad9dcac1bf37496a788b736183a2609d1aefa249e134290a760943b38c531,R142_0044,ORG,institutional_terms,Senato,senato,text_diplomatic,1754,1760,"aggio a 24 Zugno per essecution di letere di esso senato de 7 Zugno detto, et ancora non sono di ritorno, ",NER_authority,pending_expert_validation,proposed,5744c1e5452ed70583be275dac43bc304a677ed50dacd1213cb8f49564543dff,rules-ner-1,aab4bde042c44e48e5dd7eaaf862d97e6b82c4fbcf48b269781a4312bdbcda6c
2964c0df08f98b0aaa41e3b0c9ddf77ca79cde503d6663089042a0b193c2be07,R142_0044,LOC,geography,Venezia,Venetia,text_diplomatic,1999,2006,l febraro et marzo susseguenti che poi gionsero à Venetia [v] questo agosto prossimo passato fuori del temp,NER_authority,pending_expert_validation,proposed,5744c1e5452ed70583be275dac43bc304a677ed50dacd1213cb8f49564543dff,rules-ner-1,aab4bde042c44e48e5dd7eaaf862d97e6b82c4fbcf48b269781a4312bdbcda6c
66004aaa14216c5b146c9f38838c6c85f988cd574f3527d0e5c050c2f4895509,R142_0044,PER,actors,Lorenzo Barbarigo,Lorenzo Barbarigo,signatories_raw,0,17,"Lorenzo Barbarigo, Domenego Lion, Marco Gradenigo, Ferigo Dandolo, ",NER_person_name,pending_expert_validation,unresolved,a1460c7115420750f0fc97c9bcfa16916c502895cce9eb29dc51990d4bf76f83,rules-ner-1,aab4bde042c44e48e5dd7eaaf862d97e6b82c4fbcf48b269781a4312bdbcda6c
091bb1bb271841ff796f461e26e3824df2efd024618a3f9a0516527a0e4a457a,R142_0044,PER,actors,Domenego Lion,Domenego Lion,signatories_raw,19,32,"Lorenzo Barbarigo, Domenego Lion, Marco Gradenigo, Ferigo Dandolo, Andrea Paruta",NER_person_name,pending_expert_validation,unresolved,a1460c7115420750f0fc97c9bcfa16916c502895cce9eb29dc51990d4bf76f83,rules-ner-1,aab4bde042c44e48e5dd7eaaf862d97e6b82c4fbcf48b269781a4312bdbcda6c
93169e6a73c31a088020324bad6b7d2859441f6a65d07d4eb610926a1dc9baa1,R142_0044,PER,actors,Marco Gradenigo,Marco Gradenigo,signatories_raw,34,49,"Lorenzo Barbarigo, Domenego Lion, Marco Gradenigo, Ferigo Dandolo, Andrea Paruta",NER_person_name,pending_expert_validation,unresolved,a1460c7115420750f0fc97c9bcfa16916c502895cce9eb29dc51990d4bf76f83,rules-ner-1,aab4bde042c44e48e5dd7eaaf862d97e6b82c4fbcf48b269781a4312bdbcda6c
c98dc8987cb88aec60b6bfdcfd94026e67522955e21f252db5c895bba2970f30,R142_0044,PER,actors,Federico Dandolo,Ferigo Dandolo,signatories_raw,51,65,"orenzo Barbarigo, Domenego Lion, Marco Gradenigo, Ferigo Dandolo, Andrea Paruta",NER_authority,pending_expert_validation,proposed,a1460c7115420750f0fc97c9bcfa16916c502895cce9eb29dc51990d4bf76f83,rules-ner-1,aab4bde042c44e48e5dd7eaaf862d97e6b82c4fbcf48b269781a4312bdbcda6c
541a95c774db6d6fd848bbbf947590b2eb1402cf283599ae7e8e323506d61a8c,R142_0044,PER,actors,Andrea Paruta,Andrea Paruta,signatories_raw,67,80,", Domenego Lion, Marco Gradenigo, Ferigo Dandolo, Andrea Paruta",NER_person_name,pending_expert_validation,unresolved,a1460c7115420750f0fc97c9bcfa16916c502895cce9eb29dc51990d4bf76f83,rules-ner-1,aab4bde042c44e48e5dd7eaaf862d97e6b82c4fbcf48b269781a4312bdbcda6c
da74eb8070a6155a9385ca008002e9dbb445c9dfd28abfca395eb99e3fa44cbb,R142_0045,LOC,geography,Levante,Levante,text_diplomatic,295,302," questa piazza delle loro piastre per mandarle in Levante con quelle provisioni, et cautioni, che parera al",NER_authority,pending_expert_validation,proposed,69c294048d096286a1e5bb6fb87de9b237a666ccb5eb63348229d1368c12b09f,rules-ner-1,aab4bde042c44e48e5dd7eaaf862d97e6b82c4fbcf48b269781a4312bdbcda6c
7c8f62f0188d13991aa96f4f1367de8f0cb00493c826819248cec3cea03e3d32,R142_0045,LOC,geography,Cipro,Cipro,text_diplomatic,652,657,"raniere, capitando con questa sorte di argenti in Cipro, Soria, et altre parti del Levante ben veduta da ",NER_authority,pending_expert_validation,proposed,69c294048d096286a1e5bb6fb87de9b237a666ccb5eb63348229d1368c12b09f,rules-ner-1,aab4bde042c44e48e5dd7eaaf862d97e6b82c4fbcf48b269781a4312bdbcda6c
c5613e78d11441a742bae8bbf3f9d53ae95ec008a7f023a0e7f1b04f5520cb16,R142_0045,LOC,geography,Soria,Soria,text_diplomatic,659,664,", capitando con questa sorte di argenti in Cipro, Soria, et altre parti del Levante ben veduta da Turchi ",NER_authority,pending_expert_validation,proposed,69c294048d096286a1e5bb6fb87de9b237a666ccb5eb63348229d1368c12b09f,rules-ner-1,aab4bde042c44e48e5dd7eaaf862d97e6b82c4fbcf48b269781a4312bdbcda6c
cd215bd875427f2c5fabcf74998ce796c7a7ac3beae1200df8284d54de0cfa8b,R142_0045,LOC,geography,Levante,Levante,text_diplomatic,685,692,"te di argenti in Cipro, Soria, et altre parti del Levante ben veduta da Turchi con essa vadino comprando de",NER_authority,pending_expert_validation,proposed,69c294048d096286a1e5bb6fb87de9b237a666ccb5eb63348229d1368c12b09f,rules-ner-1,aab4bde042c44e48e5dd7eaaf862d97e6b82c4fbcf48b269781a4312bdbcda6c
417c64bbbf8a74cc84ddbd5f4ec16ffeea6a3826ff5cf89dc8feaf3488a7c744,R142_0045,LOC,geography,Venezia,Venetia,text_diplomatic,782,789,"mprando delle mercantie, che erano solite venir a Venetia, com'è anco verissimo, che quelli conducono nelli",NER_authority,pending_expert_validation,proposed,69c294048d096286a1e5bb6fb87de9b237a666ccb5eb63348229d1368c12b09f,rules-ner-1,aab4bde042c44e48e5dd7eaaf862d97e6b82c4fbcf48b269781a4312bdbcda6c
9a1e65116b9705bd68fa7f18b4c86a0d188384a68aaf92e9a85a820902b984d1,R142_0045,LOC,geography,Venezia,Venetia,text_diplomatic,2760,2767,"na strada facile di non far piu capitar argento a Venetia et ritornar nella nova confusione di prima, pero ",NER_authority,pending_expert_validation,proposed,69c294048d096286a1e5bb6fb87de9b237a666ccb5eb63348229d1368c12b09f,rules-ner-1,aab4bde042c44e48e5dd7eaaf862d97e6b82c4fbcf48b269781a4312bdbcda6c
3c0679dc2a13c2702da4e91ea3e434285a711a1687378d43f7adf98362ba44da,R142_0045,PER,actors,Domenego Lion,Domenego Lion,signatories_raw,0,13,"Domenego Lion, Marco Gradenigo, Ferigo Dandolo, Andrea Paruta",NER_person_name,pending_expert_validation,unresolved,f4c26f44c5a15970a2967de552e5158abc3317cfcff56348b86cb246861caceb,rules-ner-1,aab4bde042c44e48e5dd7eaaf862d97e6b82c4fbcf48b269781a4312bdbcda6c
6376d4e27bbeca26f890c293e31fe2ee3b439fbbf9af7185424e9c66f5cc718b,R142_0045,PER,actors,Marco Gradenigo,Marco Gradenigo,signatories_raw,15,30,"Domenego Lion, Marco Gradenigo, Ferigo Dandolo, Andrea Paruta",NER_person_name,pending_expert_validation,unresolved,f4c26f44c5a15970a2967de552e5158abc3317cfcff56348b86cb246861caceb,rules-ner-1,aab4bde042c44e48e5dd7eaaf862d97e6b82c4fbcf48b269781a4312bdbcda6c
f449481c873d1bf9ebc0365302508ca18824ae022c8bf0a43c27ed87aec24266,R142_0045,PER,actors,Federico Dandolo,Ferigo Dandolo,signatories_raw,32,46,"Domenego Lion, Marco Gradenigo, Ferigo Dandolo, Andrea Paruta",NER_authority,pending_expert_validation,proposed,f4c26f44c5a15970a2967de552e5158abc3317cfcff56348b86cb246861caceb,rules-ner-1,aab4bde042c44e48e5dd7eaaf862d97e6b82c4fbcf48b269781a4312bdbcda6c
162f44a3fc2dc69f83a724c426da47fe7ee701ca81c0f934988f9b09bbcc3ff4,R142_0045,PER,actors,Andrea Paruta,Andrea Paruta,signatories_raw,48,61,"Domenego Lion, Marco Gradenigo, Ferigo Dandolo, Andrea Paruta",NER_person_name,pending_expert_validation,unresolved,f4c26f44c5a15970a2967de552e5158abc3317cfcff56348b86cb246861caceb,rules-ner-1,aab4bde042c44e48e5dd7eaaf862d97e6b82c4fbcf48b269781a4312bdbcda6c
2615ef621e0e6a9b6b34c97a59b350de5a7b8fa6fab6baa07c0ef6ba571fa40e,R142_0046,PER,actors,Pietro Morello,Pietro Morello,text_diplomatic,65,79,"e risposte su questi privilegi]. Ricerca il fedel Pietro Morello, che havendo lui un perfettissimo secreto di fabr",NER_person_context,pending_expert_validation,unresolved,a4528c5e5389e86b0d42602a9d2a94135d27a40544db5328a76a7f148db3caca,rules-ner-1,aab4bde042c44e48e5dd7eaaf862d97e6b82c4fbcf48b269781a4312bdbcda6c
0e24e6b8627268910085093127bf9e553381a407a322f9c9d418c61b8cf234d1,R142_0046,PER,actors,Vidal Vidali,Vidal Vidali,text_diplomatic,1320,1332, come fu gia deliberato nel privilegio concesso a Vidal Vidali dall'Ecc.mo Senato sotto 7 febraro prossimo passa,NER_person_name,pending_expert_validation,unresolved,a4528c5e5389e86b0d42602a9d2a94135d27a40544db5328a76a7f148db3caca,rules-ner-1,aab4bde042c44e48e5dd7eaaf862d97e6b82c4fbcf48b269781a4312bdbcda6c
ccd553fb24d12f8bb2e31f1954dbe274b13fc69b71407dbdb34c2aa954390eb7,R142_0046,ORG,institutional_terms,Senato,Senato,text_diplomatic,1345,1351,el privilegio concesso a Vidal Vidali dall'Ecc.mo Senato sotto 7 febraro prossimo passato che fu ridotto i,NER_authority,pending_expert_validation,proposed,a4528c5e5389e86b0d42602a9d2a94135d27a40544db5328a76a7f148db3caca,rules-ner-1,aab4bde042c44e48e5dd7eaaf862d97e6b82c4fbcf48b269781a4312bdbcda6c
dad844bcec802e1acd10f6969a34b816b2f6987d8fb8da0d39ad43d68e7be440,R142_0046,PER,actors,Piero Morello,Piero Morello,marginal_note_raw,16,29,arte della lana Piero Morello per far saggie,NER_person_name,pending_expert_validation,unresolved,752b7e2910ce3253166ae4cd238797fafe490c5033c4d522f1e874ef25d70f8f,rules-ner-1,aab4bde042c44e48e5dd7eaaf862d97e6b82c4fbcf48b269781a4312bdbcda6c
d338c2e5072532a6b4ecb477f2b59a2570fd6ed0f75667649ac6fe4b2a440625,R142_0046,PER,actors,Domenego Lion,Domenico Lion,signatories_raw,0,13,"Domenico Lion, Ferigo Dandolo, Andrea Paruta",NER_authority,pending_expert_validation,confirmed,7868aef7d78d86affcc74ffdf286e5cdb4dc285df9d264d8354090db3776270f,rules-ner-1,aab4bde042c44e48e5dd7eaaf862d97e6b82c4fbcf48b269781a4312bdbcda6c
a56f68c2b68acecc3f6afae41fb8f43d9c3b316be9312e5ed8004bde55ce1818,R142_0046,PER,actors,Federico Dandolo,Ferigo Dandolo,signatories_raw,15,29,"Domenico Lion, Ferigo Dandolo, Andrea Paruta",NER_authority,pending_expert_validation,proposed,7868aef7d78d86affcc74ffdf286e5cdb4dc285df9d264d8354090db3776270f,rules-ner-1,aab4bde042c44e48e5dd7eaaf862d97e6b82c4fbcf48b269781a4312bdbcda6c
a2fbf65c08bb4ffc86de204ddcc5dcb6259215d55b39e8dfe51b2f1bbbaeebd7,R142_0046,PER,actors,Andrea Paruta,Andrea Paruta,signatories_raw,31,44,"Domenico Lion, Ferigo Dandolo, Andrea Paruta",NER_person_name,pending_expert_validation,unresolved,7868aef7d78d86affcc74ffdf286e5cdb4dc285df9d264d8354090db3776270f,rules-ner-1,aab4bde042c44e48e5dd7eaaf862d97e6b82c4fbcf48b269781a4312bdbcda6c
e9639232811c9eebb402ef9b659c918e0a4ec3f97a332c4e15092b0edce09d01,R142_0047,PER,actors,Z. Battista Folo,Z. Battista Folo,text_diplomatic,212,228,aricordo presentato a VV. Ecc.ze Ill.me dal fedel Z. Battista Folo per essecution della parte dell'Ecc.mo Senato de ,NER_person_context,pending_expert_validation,unresolved,b8dd96abb4edc853be88cfcc8232dfb1f8653f877a487f1308f8ea53a4be9b9e,rules-ner-1,aab4bde042c44e48e5dd7eaaf862d97e6b82c4fbcf48b269781a4312bdbcda6c
5b39843a2aef493c0720416972785f3b099e65538aa625594f66677b4c85922c,R142_0047,ORG,institutional_terms,Senato,Senato,text_diplomatic,268,274,tista Folo per essecution della parte dell'Ecc.mo Senato de 8 mazo 1608 va lui proponendo che pe servitio ,NER_authority,pending_expert_validation,proposed,b8dd96abb4edc853be88cfcc8232dfb1f8653f877a487f1308f8ea53a4be9b9e,rules-ner-1,aab4bde042c44e48e5dd7eaaf862d97e6b82c4fbcf48b269781a4312bdbcda6c
5c86561919e91a4bcac6962f867073318caaf7f097fea8736abab645fd8167aa,R142_0047,LOC,geography,Verona,Verona,text_diplomatic,1542,1548,"et datieri, di quella di Bressa et ultimamente di Verona, et territorio, non habbiamo pero potuto devenir ",NER_authority,pending_expert_validation,proposed,b8dd96abb4edc853be88cfcc8232dfb1f8653f877a487f1308f8ea53a4be9b9e,rules-ner-1,aab4bde042c44e48e5dd7eaaf862d97e6b82c4fbcf48b269781a4312bdbcda6c
164634b6ef8ac61dd58b05bb0b779ab514e54dbae6497720124b079794d216cd,R142_0047,LOC,geography,Verona,Verona,text_diplomatic,1835,1841,tio fossimo ricercati a soprasedere dal Nontio di Verona v.a (??) essendo poi sopragionti li 4 ambasciator,NER_authority,pending_expert_validation,proposed,b8dd96abb4edc853be88cfcc8232dfb1f8653f877a487f1308f8ea53a4be9b9e,rules-ner-1,aab4bde042c44e48e5dd7eaaf862d97e6b82c4fbcf48b269781a4312bdbcda6c
ff3a2015dd49ec85511a638d4183fda6096200ba1b9d68c00cba407735eb3b2d,R142_0047,PER,actors,Z. Battista Folo,Z. Battista Folo,text_diplomatic,2146,2162,rritorio Mantoano. Fo udito anco il sopradetto D. Z. Battista Folo sopradetto volendo VV. Ecc.ze Ill.me che diamo es,NER_person_context,pending_expert_validation,unresolved,b8dd96abb4edc853be88cfcc8232dfb1f8653f877a487f1308f8ea53a4be9b9e,rules-ner-1,aab4bde042c44e48e5dd7eaaf862d97e6b82c4fbcf48b269781a4312bdbcda6c
84b1115d4498b0ec8eb12deb972c32755ce6d377ec5b9430dc50893ce1351b33,R142_0047,LOC,geography,Verona,Verona,text_diplomatic,2379,2385," per quanto aspetta alli interessi della citta di Verona, et territorio, che le sede che si fabricano in q",NER_authority,pending_expert_validation,proposed,b8dd96abb4edc853be88cfcc8232dfb1f8653f877a487f1308f8ea53a4be9b9e,rules-ner-1,aab4bde042c44e48e5dd7eaaf862d97e6b82c4fbcf48b269781a4312bdbcda6c
0c17ed7a3f9a8fb296098caf5acf5e3776f4457087673ce0d693e4aa34249934,R142_0047,LOC,geography,Verona,Verona,text_diplomatic,3144,3150,"cavano poi li struzi, et sedazze, et altro, ma in Verona et territorio si trazeno le sede alla grossa per ",NER_authority,pending_expert_validation,proposed,b8dd96abb4edc853be88cfcc8232dfb1f8653f877a487f1308f8ea53a4be9b9e,rules-ner-1,aab4bde042c44e48e5dd7eaaf862d97e6b82c4fbcf48b269781a4312bdbcda6c
875e4699bb42c8ca77546da2dee0c96b310f3d97287da307596a6470b646ff79,R142_0047,LOC,geography,Verona,Verona,text_diplomatic,4359,4365,"ero, et delli doppi, et sedazze mezo datio, ma in Verona essendo tratte tutte insieme unite cosi le sottil",NER_authority,pending_expert_validation,proposed,b8dd96abb4edc853be88cfcc8232dfb1f8653f877a487f1308f8ea53a4be9b9e,rules-ner-1,aab4bde042c44e48e5dd7eaaf862d97e6b82c4fbcf48b269781a4312bdbcda6c
aafd4e4acdb3c8ef7cc6fe1c5a7bc6382081636497bec98835dd50f2cb0d2e4b,R142_0047,LOC,geography,Verona,Verona,text_diplomatic,4565,4571,o un terzo di più circumcirca oltra che quando in Verona si lavorassero esse sede alla reale quelle si est,NER_authority,pending_expert_validation,proposed,b8dd96abb4edc853be88cfcc8232dfb1f8653f877a487f1308f8ea53a4be9b9e,rules-ner-1,aab4bde042c44e48e5dd7eaaf862d97e6b82c4fbcf48b269781a4312bdbcda6c
ce62d72bc384f794351d72e9a8407bd0fab60bbea459341762ef6408e962284d,R142_0047,LOC,geography,Verona,Verona,text_diplomatic,4634,4640,"ro esse sede alla reale quelle si estrazeriano da Verona greze, che saria con danno notabile di quella cit",NER_authority,pending_expert_validation,proposed,b8dd96abb4edc853be88cfcc8232dfb1f8653f877a487f1308f8ea53a4be9b9e,rules-ner-1,aab4bde042c44e48e5dd7eaaf862d97e6b82c4fbcf48b269781a4312bdbcda6c
198b4e51b95507927d98fe9da37ea2829802df7af878634b00159eb54d4b8c31,R142_0047,LOC,geography,Verona,Verona,text_diplomatic,5116,5122,"i saria però ancora per ridondare a gran danno di Verona, et territorio per che li forestieri procureriano",NER_authority,pending_expert_validation,proposed,b8dd96abb4edc853be88cfcc8232dfb1f8653f877a487f1308f8ea53a4be9b9e,rules-ner-1,aab4bde042c44e48e5dd7eaaf862d97e6b82c4fbcf48b269781a4312bdbcda6c
65bc4bb6374f206e8e40e400664571b37bdc872f06e3b544dc82596c1422013d,R142_0047,LOC,geography,Verona,Verona,text_diplomatic,5810,5816,"itta, et territorio in gran parte.

Il negotio di Verona è inviato gia tanti anni sopra questa sorte di se",NER_authority,pending_expert_validation,proposed,b8dd96abb4edc853be88cfcc8232dfb1f8653f877a487f1308f8ea53a4be9b9e,rules-ner-1,aab4bde042c44e48e5dd7eaaf862d97e6b82c4fbcf48b269781a4312bdbcda6c
328e431bdd3d9cc4bfb73ca617a9072a6e74a1ee5fbd0e02285ef448aadd382f,R142_0047,LOC,geography,Verona,Verona,text_diplomatic,5945,5951,"Fiamenghi, et Thodeschi, che hanno case aperte in Verona, quali è da dubitare che quando li fosse aggionto",NER_authority,pending_expert_validation,proposed,b8dd96abb4edc853be88cfcc8232dfb1f8653f877a487f1308f8ea53a4be9b9e,rules-ner-1,aab4bde042c44e48e5dd7eaaf862d97e6b82c4fbcf48b269781a4312bdbcda6c
8838956ea74c7c9b4532449c56e44d6493383b0b3e9bfc625a63d69cde0eeeb4,R142_0047,LOC,geography,Levante,Levante,text_diplomatic,6419,6426," via de Livorno Marsiglia et altre scale, dove di Levante con navi forestiere ve ne capitano quantita senza",NER_authority,pending_expert_validation,proposed,b8dd96abb4edc853be88cfcc8232dfb1f8653f877a487f1308f8ea53a4be9b9e,rules-ner-1,aab4bde042c44e48e5dd7eaaf862d97e6b82c4fbcf48b269781a4312bdbcda6c
4cc43d9315abf5c95462a8cc209d3e9066fb8eba1745d079785d1baf04150d8a,R142_0047,LOC,geography,Venezia,Venetia,text_diplomatic,6489,6496,"estiere ve ne capitano quantita senza piu venir a Venetia, si come hanno fatto li mercanti de Lion di Franz",NER_authority,pending_expert_validation,proposed,b8dd96abb4edc853be88cfcc8232dfb1f8653f877a487f1308f8ea53a4be9b9e,rules-ner-1,aab4bde042c44e48e5dd7eaaf862d97e6b82c4fbcf48b269781a4312bdbcda6c
1b206702aca0efe65c0329f8ad743cd75cfcceaf0303c5b7402aa4c5d30a9cd0,R142_0047,LOC,geography,Verona,Verona,text_diplomatic,6581,6587,"e Lion di Franza, con li quali soleva la città di Verona haver grandissimo negotio per occasion di quelle ",NER_authority,pending_expert_validation,proposed,b8dd96abb4edc853be88cfcc8232dfb1f8653f877a487f1308f8ea53a4be9b9e,rules-ner-1,aab4bde042c44e48e5dd7eaaf862d97e6b82c4fbcf48b269781a4312bdbcda6c
96169a558822238143a85bd801f88bb4768980b65216563cc536f6609dd7d8a1,R142_0047,LOC,geography,Verona,Verona,text_diplomatic,6788,6794,"ono condotte a Marsiglia, et non piu di quelle di Verona, tal che ogni gravame, che si voglia addossare a ",NER_authority,pending_expert_validation,proposed,b8dd96abb4edc853be88cfcc8232dfb1f8653f877a487f1308f8ea53a4be9b9e,rules-ner-1,aab4bde042c44e48e5dd7eaaf862d97e6b82c4fbcf48b269781a4312bdbcda6c
4ef9b11b697fdbc831827e33bb4ec1ad410a3b53a3d8fbad84bff7ecf5ef1742,R142_0047,LOC,geography,Verona,Verona,text_diplomatic,9337,9343,"tij pur troppo dessolati.

Il territorio tutto di Verona pretende (?) grandissimi interessi per esser il p",NER_authority,pending_expert_validation,proposed,b8dd96abb4edc853be88cfcc8232dfb1f8653f877a487f1308f8ea53a4be9b9e,rules-ner-1,aab4bde042c44e48e5dd7eaaf862d97e6b82c4fbcf48b269781a4312bdbcda6c
e3b7395d322336c2d8952292f0699e22e7ce2b71f978aa8d80459df04dba9ff1,R142_0047,LOC,geography,Verona,Verona,text_diplomatic,10780,10786,o per quanto aspetta all'interesse della citta di Verona suo territorio et terre p.ti (?) per li discorsi ,NER_authority,pending_expert_validation,proposed,b8dd96abb4edc853be88cfcc8232dfb1f8653f877a487f1308f8ea53a4be9b9e,rules-ner-1,aab4bde042c44e48e5dd7eaaf862d97e6b82c4fbcf48b269781a4312bdbcda6c
4633ffd2026fd6893fd188803c581c9cbd40b88b68c64cf7ca4146d33d4c60a4,R142_0047,PER,actors,Domenego Lion,Domenego Lion,signatories_raw,3,16,D. Domenego Lion / D. Piero Soranzo / D. Hier.mo Corner ] qui usci,NER_person_context,pending_expert_validation,unresolved,4011b32b4878b2b65327a8cf339c72980dcd839800594a308ab77600e2a553b0,rules-ner-1,aab4bde042c44e48e5dd7eaaf862d97e6b82c4fbcf48b269781a4312bdbcda6c
84ae47314b0a05a5f2af4e09266f9e2aa353324f431d9e36e719c71d2122f92d,R142_0047,PER,actors,Piero Soranzo,Piero Soranzo,signatories_raw,22,35,D. Domenego Lion / D. Piero Soranzo / D. Hier.mo Corner ] qui usciti di off°,NER_person_context,pending_expert_validation,unresolved,4011b32b4878b2b65327a8cf339c72980dcd839800594a308ab77600e2a553b0,rules-ner-1,aab4bde042c44e48e5dd7eaaf862d97e6b82c4fbcf48b269781a4312bdbcda6c
790cb285d1f088dc5f1cda534e93a0ddd1385dd4b4f19144bbba2b040f06baf7,R142_0047,PER,actors,Hieronimo Corner,Hier.mo Corner,signatories_raw,41,55,D. Domenego Lion / D. Piero Soranzo / D. Hier.mo Corner ] qui usciti di off°,NER_authority,pending_expert_validation,proposed,4011b32b4878b2b65327a8cf339c72980dcd839800594a308ab77600e2a553b0,rules-ner-1,aab4bde042c44e48e5dd7eaaf862d97e6b82c4fbcf48b269781a4312bdbcda6c
5e6d6e1b4142b6771117ba750887af634a1d80c5a09afcb3e81ef41ae1b0142d,R142_0048,PER,actors,Z. battista Follo,Z. battista Follo,text_diplomatic,83,100,à usciti di off° risponder alla supp.ne del fedel Z. battista Follo intorno all'accrescimento della stima delle sede ,NER_person_context,pending_expert_validation,unresolved,2974843415b5bf9b481571b933b1a20eb87d4c9e8850340d77a6cecfd8cc7334,rules-ner-1,aab4bde042c44e48e5dd7eaaf862d97e6b82c4fbcf48b269781a4312bdbcda6c
39aed9f213a44846ee142239184abc914cc733947a89ffd73a376d0c991f681c,R142_0048,LOC,geography,Verona,Verona,text_diplomatic,352,358," per quanto aspetta alli interessi della citta di Verona, et territorio havendo noi prima uditi D. Scipion",NER_authority,pending_expert_validation,proposed,2974843415b5bf9b481571b933b1a20eb87d4c9e8850340d77a6cecfd8cc7334,rules-ner-1,aab4bde042c44e48e5dd7eaaf862d97e6b82c4fbcf48b269781a4312bdbcda6c
a1c988a6f7841a13ad6e8fbe011bfd0c7ccaaee6c8a6480881277f1e29c6858e,R142_0048,PER,actors,Scipion Feramosca,Scipion Feramosca,text_diplomatic,401,418," Verona, et territorio havendo noi prima uditi D. Scipion Feramosca ambasciator della città de Vicenza, et suo colleg",NER_person_context,pending_expert_validation,unresolved,2974843415b5bf9b481571b933b1a20eb87d4c9e8850340d77a6cecfd8cc7334,rules-ner-1,aab4bde042c44e48e5dd7eaaf862d97e6b82c4fbcf48b269781a4312bdbcda6c
b3830af59e2bc59b4ce791dacfa54e39fdb7cdbb7f4791cb9fb88c1d0c17b707,R142_0048,LOC,geography,Verona,Verona,text_diplomatic,1318,1324,"habbiamo già considerato nella sop.ta risposta di Verona cosi è anco cosa chira, che essi datij delle sede",NER_authority,pending_expert_validation,proposed,2974843415b5bf9b481571b933b1a20eb87d4c9e8850340d77a6cecfd8cc7334,rules-ner-1,aab4bde042c44e48e5dd7eaaf862d97e6b82c4fbcf48b269781a4312bdbcda6c
e93d03c5d448c705cbac15f41c1a55288492a1e818be9da41cf379f91c18bd73,R142_0048,LOC,geography,Levante,Levante,text_diplomatic,2304,2311,"magna, Abruzzo, Messina Calauria, et di quelle di Levante con la commodità delle nove navigationi, quello c",NER_authority,pending_expert_validation,proposed,2974843415b5bf9b481571b933b1a20eb87d4c9e8850340d77a6cecfd8cc7334,rules-ner-1,aab4bde042c44e48e5dd7eaaf862d97e6b82c4fbcf48b269781a4312bdbcda6c
4d595ddf11bfb006f354da2c50708ba8626863b1379e63e034b6dbab94f2fc86,R142_0048,ORG,institutional_terms,Senato,senato,text_diplomatic,3761,3767,to piacerà a VV. Ecc.ze Ill.me di deliberare co'l senato in tal proposito et ciò con nostro giuramento. [ ,NER_authority,pending_expert_validation,proposed,2974843415b5bf9b481571b933b1a20eb87d4c9e8850340d77a6cecfd8cc7334,rules-ner-1,aab4bde042c44e48e5dd7eaaf862d97e6b82c4fbcf48b269781a4312bdbcda6c
0cfe064433738543a138b67e371cb3248851f9a37895144e4676e3c4142546e3,R142_0048,PER,actors,Fantin Diedo,Fantin Diedo,text_diplomatic,3828,3840,"posito et ciò con nostro giuramento. [ Dom° Lion, Fantin Diedo, Pietro Soranzo, Hier.mo Corner usciti]

Segue la",NER_person_name,pending_expert_validation,unresolved,2974843415b5bf9b481571b933b1a20eb87d4c9e8850340d77a6cecfd8cc7334,rules-ner-1,aab4bde042c44e48e5dd7eaaf862d97e6b82c4fbcf48b269781a4312bdbcda6c
71a4f15b8b0d156e124af4f0212113092fc132d4f484829fdb11b818bd198327,R142_0048,PER,actors,Piero Soranzo,Pietro Soranzo,text_diplomatic,3842,3856,"con nostro giuramento. [ Dom° Lion, Fantin Diedo, Pietro Soranzo, Hier.mo Corner usciti]

Segue la scrittura dei p",NER_authority,pending_expert_validation,confirmed,2974843415b5bf9b481571b933b1a20eb87d4c9e8850340d77a6cecfd8cc7334,rules-ner-1,aab4bde042c44e48e5dd7eaaf862d97e6b82c4fbcf48b269781a4312bdbcda6c
ad21a11068e56f59de0a50244d88838e51fd8dfe0e5bb1f226f715633017c6d2,R142_0048,PER,actors,Hieronimo Corner,Hier.mo Corner,text_diplomatic,3858,3872,"mento. [ Dom° Lion, Fantin Diedo, Pietro Soranzo, Hier.mo Corner usciti]

Segue la scrittura dei p.ri alla seda (s",NER_authority,pending_expert_validation,proposed,2974843415b5bf9b481571b933b1a20eb87d4c9e8850340d77a6cecfd8cc7334,rules-ner-1,aab4bde042c44e48e5dd7eaaf862d97e6b82c4fbcf48b269781a4312bdbcda6c
7e6fd61b6f4d20214c299b14e7ad2fb6eac4330873791305a84e0a935e4931e9,R142_0048,PER,actors,Z. Battista Follo,Z. Battista Follo,text_diplomatic,4059,4076,e rispondono anch'essi in merito alla supplica di Z. Battista Follo). [c. 137v] Che la perdita del datio del fontego ,NER_person_context,pending_expert_validation,unresolved,2974843415b5bf9b481571b933b1a20eb87d4c9e8850340d77a6cecfd8cc7334,rules-ner-1,aab4bde042c44e48e5dd7eaaf862d97e6b82c4fbcf48b269781a4312bdbcda6c
68af72f00763dff63fc87ef2cae4c7e7098ef065289a945b1536b600d0bbb8f1,R142_0048,LOC,geography,Levante,Levante,text_diplomatic,4432,4439,"esi, perche vanno con li loro proprij vasselli in Levante a comprar sede, spiciarie, gottoni, et altre merc",NER_authority,pending_expert_validation,proposed,2974843415b5bf9b481571b933b1a20eb87d4c9e8850340d77a6cecfd8cc7334,rules-ner-1,aab4bde042c44e48e5dd7eaaf862d97e6b82c4fbcf48b269781a4312bdbcda6c
3f8b5867fa24e0f5ac4b4d9472bfca690a905610f193ac9cf98d8f1eea5a49fb,R142_0048,LOC,geography,Venezia,Venetia,text_diplomatic,4763,4770,"e in esse fiere, che non farebbono se venissero a Venetia, si come facevano di prima avanti fosse presa det",NER_authority,pending_expert_validation,proposed,2974843415b5bf9b481571b933b1a20eb87d4c9e8850340d77a6cecfd8cc7334,rules-ner-1,aab4bde042c44e48e5dd7eaaf862d97e6b82c4fbcf48b269781a4312bdbcda6c
44cce9f8743daa726616ae45739a554276e3f92fff6e219c65d46a5eb50f013a,R142_0048,LOC,geography,Venezia,Venetia,text_diplomatic,5051,5058,"i, delli quali per nostro creder non ne vengono a Venetia quindici miera in circa si come si puo veder al d",NER_authority,pending_expert_validation,proposed,2974843415b5bf9b481571b933b1a20eb87d4c9e8850340d77a6cecfd8cc7334,rules-ner-1,aab4bde042c44e48e5dd7eaaf862d97e6b82c4fbcf48b269781a4312bdbcda6c
afaa4c652fa65ba44f871491424b825bf39e0647e8b361bd9cfaaa61a6500b58,R142_0048,LOC,geography,Venezia,Venetia,text_diplomatic,5477,5484,"dove ***veri (??) soleva servirsi a Vicenza, et a Venetia, hora poco se ne serve per la relation che si ha ",NER_authority,pending_expert_validation,proposed,2974843415b5bf9b481571b933b1a20eb87d4c9e8850340d77a6cecfd8cc7334,rules-ner-1,aab4bde042c44e48e5dd7eaaf862d97e6b82c4fbcf48b269781a4312bdbcda6c
41460a5123fc63e4b56e7e0a7a147e3036f47ee37407e1c97d3bd783ca2858fb,R142_0048,LOC,geography,Napoli,Napoli,text_diplomatic,6224,6230," Calauria Messina, et d'altri luoghi del Regno di Napoli con che riverentemente se le inchiniamo.

1608. 8",NER_authority,pending_expert_validation,proposed,2974843415b5bf9b481571b933b1a20eb87d4c9e8850340d77a6cecfd8cc7334,rules-ner-1,aab4bde042c44e48e5dd7eaaf862d97e6b82c4fbcf48b269781a4312bdbcda6c
0eb1b5ad896b5c9c938de4e312a5221d83f96366aed49b7495244cfa64308904,R142_0048,PER,actors,Z. Battista Folo,Z. Battista Folo,marginal_note_raw,0,16,Z. Battista Folo per la stima delle sede di T.f.,NER_person_name,pending_expert_validation,unresolved,c11673f1247e66c8068c3ef2ae3918e78c63a892a92b3097b0f63d0cc92692fb,rules-ner-1,aab4bde042c44e48e5dd7eaaf862d97e6b82c4fbcf48b269781a4312bdbcda6c
638017a24da0746b3c29eaddcce9fc3cbb342ed5e18683f807a239865c8d2d8f,R142_0048,PER,actors,Fantin Diedo,Fantin Diedo,signatories_raw,19,31,D. Dom.o Lion / D. Fantin Diedo / D. Pietro Soranzo / D. Hier.mo Corner ] qual[i],NER_person_context,pending_expert_validation,unresolved,7303fd9da0ec17d9a52533cdc312febec04e7cd3d8b8f2747d1dc973e90cc964,rules-ner-1,aab4bde042c44e48e5dd7eaaf862d97e6b82c4fbcf48b269781a4312bdbcda6c
31ebdf36fe3547fd8d922c5ba8c9a20e808614070b3d269b0d878a1a64ec3a69,R142_0048,PER,actors,Piero Soranzo,Pietro Soranzo,signatories_raw,37,51,D. Dom.o Lion / D. Fantin Diedo / D. Pietro Soranzo / D. Hier.mo Corner ] qual[i] usciti,NER_authority,pending_expert_validation,confirmed,7303fd9da0ec17d9a52533cdc312febec04e7cd3d8b8f2747d1dc973e90cc964,rules-ner-1,aab4bde042c44e48e5dd7eaaf862d97e6b82c4fbcf48b269781a4312bdbcda6c
d5d2ac555a88a8df2786054b8cf59d66a2f6e664209f10e4411a96aa016b84d4,R142_0048,PER,actors,Hieronimo Corner,Hier.mo Corner,signatories_raw,57,71,o Lion / D. Fantin Diedo / D. Pietro Soranzo / D. Hier.mo Corner ] qual[i] usciti,NER_authority,pending_expert_validation,proposed,7303fd9da0ec17d9a52533cdc312febec04e7cd3d8b8f2747d1dc973e90cc964,rules-ner-1,aab4bde042c44e48e5dd7eaaf862d97e6b82c4fbcf48b269781a4312bdbcda6c
21a983b068044a86de60ddfd74497a6c853646820516419b8732599b476e5966,R142_0049,LOC,geography,Levante,Leuante,text_diplomatic,217,224,"o conceder la estrattione di tolari, et reali per Leuante, et sotto 29 luglio subsequente ne fu poi dal med",NER_authority,pending_expert_validation,proposed,e991c07e0f71819a45d9b0f2ea3958749cc2bf71e552b03eba2ea53b46760114,rules-ner-1,aab4bde042c44e48e5dd7eaaf862d97e6b82c4fbcf48b269781a4312bdbcda6c
fef2465eb4d0d27e08988fedb99562143c6fb09762503b05ead765fcba3e2fcf,R142_0049,LOC,geography,Levante,Leuante,text_diplomatic,523,530,otio per facilitar la espeditione de Vasselli per Leuante si ua pensando di far libera introduttione alli R,NER_authority,pending_expert_validation,proposed,e991c07e0f71819a45d9b0f2ea3958749cc2bf71e552b03eba2ea53b46760114,rules-ner-1,aab4bde042c44e48e5dd7eaaf862d97e6b82c4fbcf48b269781a4312bdbcda6c
6885baed6f7ff774e48f1fcc7a9a56b8af655a3adbd5118c6db16a62861e180a,R142_0049,ORG,institutional_terms,Zecca,Zecca,text_diplomatic,958,963,", promettendo obligarsi poi di portar nella detta Zecca con maggior commodità altra summa di reali o past",NER_authority,pending_expert_validation,proposed,e991c07e0f71819a45d9b0f2ea3958749cc2bf71e552b03eba2ea53b46760114,rules-ner-1,aab4bde042c44e48e5dd7eaaf862d97e6b82c4fbcf48b269781a4312bdbcda6c
aa991bf69b52ca21b8a6365e4446e1db0a60261447c422909e93ac4d21ae871c,R142_0049,LOC,geography,Levante,Leuante,text_diplomatic,1453,1460,"ur tolari in questa città per estrazer quelli per Leuante, che questa liberta considerata in se stesssa per",NER_authority,pending_expert_validation,proposed,e991c07e0f71819a45d9b0f2ea3958749cc2bf71e552b03eba2ea53b46760114,rules-ner-1,aab4bde042c44e48e5dd7eaaf862d97e6b82c4fbcf48b269781a4312bdbcda6c
1b8c2460985636f72934e17dcd89473b37d08feb8bc054c6dd7cee5d9f4db98b,R142_0049,LOC,geography,Levante,leuante,text_diplomatic,2156,2163,"uttione delle nauigationi fatte da forestieri nel leuante, che conducono li Gottoni et spiciarie in Ponente",NER_authority,pending_expert_validation,proposed,e991c07e0f71819a45d9b0f2ea3958749cc2bf71e552b03eba2ea53b46760114,rules-ner-1,aab4bde042c44e48e5dd7eaaf862d97e6b82c4fbcf48b269781a4312bdbcda6c
278fe1a38a749baf8dfe872fb59d54b8a6e7f69449b09db2d7b2ddeb784638e9,R142_0049,LOC,geography,Ponente,Ponente,text_diplomatic,2206,2213,"leuante, che conducono li Gottoni et spiciarie in Ponente, nelli qual luoghi per la maggior parte si fornis",NER_authority,pending_expert_validation,proposed,e991c07e0f71819a45d9b0f2ea3958749cc2bf71e552b03eba2ea53b46760114,rules-ner-1,aab4bde042c44e48e5dd7eaaf862d97e6b82c4fbcf48b269781a4312bdbcda6c
dbcc59dfd67835db703f2d3c35851a9726c8cfb696434a86dcc9250f68c21658,R142_0049,LOC,geography,Dalmazia,Dalmatia,text_diplomatic,2849,2857,"i questa città, ne fossero condotti in armada, in Dalmatia, et nelle Isole del Leuante, doue si espediscono ",NER_authority,pending_expert_validation,proposed,e991c07e0f71819a45d9b0f2ea3958749cc2bf71e552b03eba2ea53b46760114,rules-ner-1,aab4bde042c44e48e5dd7eaaf862d97e6b82c4fbcf48b269781a4312bdbcda6c
a1e8f20b58ddba6a79546b5df8b48889ddc7892d6f56e6d71b2bc4dff3adb87e,R142_0049,LOC,geography,Levante,Leuante,text_diplomatic,2878,2885,"ndotti in armada, in Dalmatia, et nelle Isole del Leuante, doue si espediscono a precij eccessiui se ben co",NER_authority,pending_expert_validation,proposed,e991c07e0f71819a45d9b0f2ea3958749cc2bf71e552b03eba2ea53b46760114,rules-ner-1,aab4bde042c44e48e5dd7eaaf862d97e6b82c4fbcf48b269781a4312bdbcda6c
9d86bd4b49361e4f74bab691c74d782e78b975f91fd416e29bebfb2fab667a72,R142_0049,LOC,geography,Levante,leuante,text_diplomatic,3029,3036,"co per le informationi hauute, che esso tolaro in leuante non è al presente in molta stima, et reputatione,",NER_authority,pending_expert_validation,proposed,e991c07e0f71819a45d9b0f2ea3958749cc2bf71e552b03eba2ea53b46760114,rules-ner-1,aab4bde042c44e48e5dd7eaaf862d97e6b82c4fbcf48b269781a4312bdbcda6c
6c500319770d2e36730f1da90d6fea90c0d9f1767902195d6afd96c61ebba1ad,R142_0049,LOC,geography,Levante,leuante,text_diplomatic,3216,3223," stimiamo, che la introdutione di essi tolari per leuante non sia per apportar quel benefitio, che si prete",NER_authority,pending_expert_validation,proposed,e991c07e0f71819a45d9b0f2ea3958749cc2bf71e552b03eba2ea53b46760114,rules-ner-1,aab4bde042c44e48e5dd7eaaf862d97e6b82c4fbcf48b269781a4312bdbcda6c
188d7f0c32af4fb5549cfb1c4b26863f46617b40244d9821cc949c280d25373d,R142_0049,ORG,institutional_terms,Zecca,Zecca,text_diplomatic,4059,4064,"per la mita mentre lasciassero l'altra mita nella Zecca, come dispone la parte del Senato de 15 settembre",NER_authority,pending_expert_validation,proposed,e991c07e0f71819a45d9b0f2ea3958749cc2bf71e552b03eba2ea53b46760114,rules-ner-1,aab4bde042c44e48e5dd7eaaf862d97e6b82c4fbcf48b269781a4312bdbcda6c
9377d64c8f9df784e3ee574507bbee1166b3a12d7de2727e50a9cd536316e92c,R142_0049,ORG,institutional_terms,Senato,Senato,text_diplomatic,4092,4098,"altra mita nella Zecca, come dispone la parte del Senato de 15 settembre 1598, et quando non si lassasse e",NER_authority,pending_expert_validation,proposed,e991c07e0f71819a45d9b0f2ea3958749cc2bf71e552b03eba2ea53b46760114,rules-ner-1,aab4bde042c44e48e5dd7eaaf862d97e6b82c4fbcf48b269781a4312bdbcda6c
9b99d5dc7a557c58707987c3d8aae1b0b635ebe70dfab156acd7e88dbd36c712,R142_0049,ORG,institutional_terms,Zecca,Zecca,text_diplomatic,4392,4397,"can]ti di lassar Vinti per cento di reali in essa Zecca a tempo di maggior commodita loro, non è offerta ",NER_authority,pending_expert_validation,proposed,e991c07e0f71819a45d9b0f2ea3958749cc2bf71e552b03eba2ea53b46760114,rules-ner-1,aab4bde042c44e48e5dd7eaaf862d97e6b82c4fbcf48b269781a4312bdbcda6c
495da976d9e0f085f2ab60b36dd704823b0450f7faca3df2b0f2a7a3e4547404,R142_0049,LOC,geography,Levante,Levante,marginal_note_raw,32,39,Tolari et Reali [estrattion per Levante],NER_authority,pending_expert_validation,proposed,2e0f479b3eab79c31e383b80929098482ac5f4049b8ab5ecd678c5b9e80db75d,rules-ner-1,aab4bde042c44e48e5dd7eaaf862d97e6b82c4fbcf48b269781a4312bdbcda6c
b5f626df832511637e72871f253cb810c3f29970fec627751981388d6243c181,R142_0049,PER,actors,Domenego Lion,Domenego Lion,signatories_raw,0,13,"Domenego Lion, Piero Soranzo, Francesco Duodo, Vidal Lando",NER_person_name,pending_expert_validation,unresolved,2e096dd703f43061c5336490a5f5b35dbd9651d31a330e14bec0b455a02604a3,rules-ner-1,aab4bde042c44e48e5dd7eaaf862d97e6b82c4fbcf48b269781a4312bdbcda6c
e1583b97466b6bbc3f4e8f0951e4be43d88c4af6a8840b94017d98c8c9e3e37f,R142_0049,PER,actors,Piero Soranzo,Piero Soranzo,signatories_raw,15,28,"Domenego Lion, Piero Soranzo, Francesco Duodo, Vidal Lando",NER_person_name,pending_expert_validation,unresolved,2e096dd703f43061c5336490a5f5b35dbd9651d31a330e14bec0b455a02604a3,rules-ner-1,aab4bde042c44e48e5dd7eaaf862d97e6b82c4fbcf48b269781a4312bdbcda6c
6752e8e907f15f260bfb8dbd3f7fb791e48be9514d9827a4c3532b25c2d6aeeb,R142_0049,PER,actors,Francesco Duodo,Francesco Duodo,signatories_raw,30,45,"Domenego Lion, Piero Soranzo, Francesco Duodo, Vidal Lando",NER_person_name,pending_expert_validation,unresolved,2e096dd703f43061c5336490a5f5b35dbd9651d31a330e14bec0b455a02604a3,rules-ner-1,aab4bde042c44e48e5dd7eaaf862d97e6b82c4fbcf48b269781a4312bdbcda6c
dde418348ebd96d1ee0d61ab0d7f7d04295e7fa2cdea7e6ae9ff4bc8fde0094e,R142_0049,PER,actors,Vidal Lando,Vidal Lando,signatories_raw,47,58,"Domenego Lion, Piero Soranzo, Francesco Duodo, Vidal Lando",NER_person_name,pending_expert_validation,unresolved,2e096dd703f43061c5336490a5f5b35dbd9651d31a330e14bec0b455a02604a3,rules-ner-1,aab4bde042c44e48e5dd7eaaf862d97e6b82c4fbcf48b269781a4312bdbcda6c
69a4b1ddde47fa729301621ad201d0e955d6c153c8e34201502ecc4e66c1c2f1,R142_0050,LOC,geography,Levante,Levante,text_diplomatic,408,415,"rizzar il negotio, et assicurar la navigatione di Levante. Per essecutione di che, havendo noi procurato so",NER_authority,pending_expert_validation,proposed,1659a17f447c0848b8f2114a9a00ba1a5db60c7fb1d033db733eaff231efdf0b,rules-ner-1,aab4bde042c44e48e5dd7eaaf862d97e6b82c4fbcf48b269781a4312bdbcda6c
d8790ed43082893945cab3a8d5810cf7fb6c272d51d108f8addf965e0d9249c5,R142_0050,LOC,geography,Soria,Soria,text_diplomatic,749,754,"ionamenti con li ss.ri consoli, che sono stati in Soria, et in Alessandria et con altri mercanti, nobeli,",NER_authority,pending_expert_validation,proposed,1659a17f447c0848b8f2114a9a00ba1a5db60c7fb1d033db733eaff231efdf0b,rules-ner-1,aab4bde042c44e48e5dd7eaaf862d97e6b82c4fbcf48b269781a4312bdbcda6c
0903526c6c6a7a3970c5104bb5b4036dcb56352e32e9cf4bf3b35118dab9bc4d,R142_0050,LOC,geography,Alessandria,Alessandria,text_diplomatic,762,773," li ss.ri consoli, che sono stati in Soria, et in Alessandria et con altri mercanti, nobeli, cittadini, et parc",NER_authority,pending_expert_validation,proposed,1659a17f447c0848b8f2114a9a00ba1a5db60c7fb1d033db733eaff231efdf0b,rules-ner-1,aab4bde042c44e48e5dd7eaaf862d97e6b82c4fbcf48b269781a4312bdbcda6c
c0b9984edb008ba30ce5fd992f7e8a7fc7bf3828d687bbefe67a90e9d68be8b3,R142_0050,LOC,geography,Levante,Levante,text_diplomatic,1882,1889,"si, fiamenghi, et inglesi frequentano le scale di Levante, portando di la sede, spiciarie, et altre mercant",NER_authority,pending_expert_validation,proposed,1659a17f447c0848b8f2114a9a00ba1a5db60c7fb1d033db733eaff231efdf0b,rules-ner-1,aab4bde042c44e48e5dd7eaaf862d97e6b82c4fbcf48b269781a4312bdbcda6c
c6a317031c5e8a34712ca7733fee4a0bda826c3146595b5cac41dd1747a06329,R142_0050,LOC,geography,Soria,soria,text_diplomatic,2345,2350,"tata da Turchi, et altri mercanti, che portano in soria le sede, et altre mercantie, questi forestieri fa",NER_authority,pending_expert_validation,proposed,1659a17f447c0848b8f2114a9a00ba1a5db60c7fb1d033db733eaff231efdf0b,rules-ner-1,aab4bde042c44e48e5dd7eaaf862d97e6b82c4fbcf48b269781a4312bdbcda6c
1365737826916d31f4744b7d3e5becfdc8804a139ca390e4de6799e308029ade,R142_0050,LOC,geography,Soria,Soria,text_diplomatic,3088,3093,"a andar doi galere grosse per mercantia almeno in Soria per li haveri sottili, promettendosi [143] certo ",NER_authority,pending_expert_validation,proposed,1659a17f447c0848b8f2114a9a00ba1a5db60c7fb1d033db733eaff231efdf0b,rules-ner-1,aab4bde042c44e48e5dd7eaaf862d97e6b82c4fbcf48b269781a4312bdbcda6c
2dcb583cae452820c3025ab127a1c192110c54dfc03e4b1a6f75a600236abd15,R142_0050,LOC,geography,Soria,Soria,text_diplomatic,3786,3791,"i, che negotiano, che si mandi le galee grosse in Soria per li haveri sottili, crediamo, che senza questa",NER_authority,pending_expert_validation,proposed,1659a17f447c0848b8f2114a9a00ba1a5db60c7fb1d033db733eaff231efdf0b,rules-ner-1,aab4bde042c44e48e5dd7eaaf862d97e6b82c4fbcf48b269781a4312bdbcda6c
cc3f172d3402b687034699d8997a8d0ea6fd61aabb0dfb065342b913b2cd0e81,R142_0050,LOC,geography,Soria,Soria,text_diplomatic,4310,4315," SS. Ecc.me di far navigar queste Galee grosse in Soria, giudicaressimo, che fosse molto a proposito, che",NER_authority,pending_expert_validation,proposed,1659a17f447c0848b8f2114a9a00ba1a5db60c7fb1d033db733eaff231efdf0b,rules-ner-1,aab4bde042c44e48e5dd7eaaf862d97e6b82c4fbcf48b269781a4312bdbcda6c
ee8db4213d49611d6b48d16f8f1a461dbc16cbb9449caf4a13d22c26f5c4ec2f,R142_0050,LOC,geography,Cipro,Cipro,text_diplomatic,5882,5887," che portassero in la, si potria farle ritirar in Cipro, fino che li fosse proveduto di carico convenient",NER_authority,pending_expert_validation,proposed,1659a17f447c0848b8f2114a9a00ba1a5db60c7fb1d033db733eaff231efdf0b,rules-ner-1,aab4bde042c44e48e5dd7eaaf862d97e6b82c4fbcf48b269781a4312bdbcda6c
40a070beb5db18177c9fdc9f3b6a8d45714d368829fd4a397ac158e8006b0a45,R142_0050,LOC,geography,Levante,Levante,text_diplomatic,6565,6572,"maniera le navi, che anderanno questa stagione in Levante, crederessimo, che fosse bene far che quelle di S",NER_authority,pending_expert_validation,proposed,1659a17f447c0848b8f2114a9a00ba1a5db60c7fb1d033db733eaff231efdf0b,rules-ner-1,aab4bde042c44e48e5dd7eaaf862d97e6b82c4fbcf48b269781a4312bdbcda6c
a8dd9840eda2fde1e8149ca85313b6ab70824db5b181ce25e9ef91cbc7f6726a,R142_0050,LOC,geography,Soria,Soria,text_diplomatic,6621,6626,"e, crederessimo, che fosse bene far che quelle di Soria andassero unite, et quelle di Alessandria facesse",NER_authority,pending_expert_validation,proposed,1659a17f447c0848b8f2114a9a00ba1a5db60c7fb1d033db733eaff231efdf0b,rules-ner-1,aab4bde042c44e48e5dd7eaaf862d97e6b82c4fbcf48b269781a4312bdbcda6c
72a3ae219f89e668aa25b1b7fc9ef899f27644e843ecffc5f2075a687f86043e,R142_0050,LOC,geography,Alessandria,Alessandria,text_diplomatic,6657,6668,"che quelle di Soria andassero unite, et quelle di Alessandria facessero il medesimo, et che sopra ciascuna di q",NER_authority,pending_expert_validation,proposed,1659a17f447c0848b8f2114a9a00ba1a5db60c7fb1d033db733eaff231efdf0b,rules-ner-1,aab4bde042c44e48e5dd7eaaf862d97e6b82c4fbcf48b269781a4312bdbcda6c
fa55ed891f0e7ff7df7b053bf8fc452740a5dd860455c73bf724eb281b1d7611,R142_0050,LOC,geography,Soria,Soria,text_diplomatic,6816,6821,"iente di soldati con un capitanio sopra quelle di Soria, et uno sopra quelle di Alessandria, il quale, ol",NER_authority,pending_expert_validation,proposed,1659a17f447c0848b8f2114a9a00ba1a5db60c7fb1d033db733eaff231efdf0b,rules-ner-1,aab4bde042c44e48e5dd7eaaf862d97e6b82c4fbcf48b269781a4312bdbcda6c
461c9b41db61f6e2e9ad995007bceaa1d14c6c33b4ba5552ff9831cf4c7e334b,R142_0050,LOC,geography,Alessandria,Alessandria,text_diplomatic,6846,6857,"nio sopra quelle di Soria, et uno sopra quelle di Alessandria, il quale, oltra il tenir li soldati, et li marin",NER_authority,pending_expert_validation,proposed,1659a17f447c0848b8f2114a9a00ba1a5db60c7fb1d033db733eaff231efdf0b,rules-ner-1,aab4bde042c44e48e5dd7eaaf862d97e6b82c4fbcf48b269781a4312bdbcda6c
809ac8e33bbe7c7035a393cbfff0e91132acf94acce93c3d105c1fe70c7b5dff,R142_0050,LOC,geography,Candia,Candia,text_diplomatic,7240,7246," spaleggiate dalle galie grosse armate fino sopra Candia, et de la in poi potria far anco il Galione la pa",NER_authority,pending_expert_validation,proposed,1659a17f447c0848b8f2114a9a00ba1a5db60c7fb1d033db733eaff231efdf0b,rules-ner-1,aab4bde042c44e48e5dd7eaaf862d97e6b82c4fbcf48b269781a4312bdbcda6c
3c5520b64f4385a044bf5e6b5d8800ff28df881908cb007c1a6e2faa0ee2ebbb,R142_0050,LOC,geography,Soria,Soria,text_diplomatic,7552,7557,"ando navigassero le galee grosse da mercantia per Soria, che le navi andassero ben munite come habbiamo d",NER_authority,pending_expert_validation,proposed,1659a17f447c0848b8f2114a9a00ba1a5db60c7fb1d033db733eaff231efdf0b,rules-ner-1,aab4bde042c44e48e5dd7eaaf862d97e6b82c4fbcf48b269781a4312bdbcda6c
d368a665173e80aea57f3c3285897a7762a9e6a80afffdc62533be347290529f,R142_0050,LOC,geography,Soria,Soria,text_diplomatic,8143,8148," bene l'anno venturo andassero le galee grosse in Soria, non resteria sicura la navigatione per le navi, ",NER_authority,pending_expert_validation,proposed,1659a17f447c0848b8f2114a9a00ba1a5db60c7fb1d033db733eaff231efdf0b,rules-ner-1,aab4bde042c44e48e5dd7eaaf862d97e6b82c4fbcf48b269781a4312bdbcda6c
06b55ba13f21a9e738a981f11c5424562b6ced67123d8bf5a1d99ace32ee4159,R142_0050,LOC,geography,Levante,Levante,text_diplomatic,8245,8252,"i, che andassero a quella, et alle altre scale di Levante, sentimo, che si continui a far andar le navi di ",NER_authority,pending_expert_validation,proposed,1659a17f447c0848b8f2114a9a00ba1a5db60c7fb1d033db733eaff231efdf0b,rules-ner-1,aab4bde042c44e48e5dd7eaaf862d97e6b82c4fbcf48b269781a4312bdbcda6c
edb87b979b76693674c773a3ca0038ae9d66edfc31ecf7347608fa3392187791,R142_0050,LOC,geography,Levante,Levante,text_diplomatic,8770,8777, vasselli di sorte alcuna non possino partire per Levante se non à tempi convenienti intorno che potriano l,NER_authority,pending_expert_validation,proposed,1659a17f447c0848b8f2114a9a00ba1a5db60c7fb1d033db733eaff231efdf0b,rules-ner-1,aab4bde042c44e48e5dd7eaaf862d97e6b82c4fbcf48b269781a4312bdbcda6c
eb65039b0e08872eb416c48beacf9ffa8191ec58e5a68c9af59fd8d700cb3d24,R142_0050,LOC,geography,Levante,Levante,text_diplomatic,9538,9545,"mercanti accettati da Turchi, et altre nationi di Levante più volentieri, che la moneda Venetiana et per ci",NER_authority,pending_expert_validation,proposed,1659a17f447c0848b8f2114a9a00ba1a5db60c7fb1d033db733eaff231efdf0b,rules-ner-1,aab4bde042c44e48e5dd7eaaf862d97e6b82c4fbcf48b269781a4312bdbcda6c
a8d43d99df1a2269c7cfb14d6fedf91c29ac0ed469bd785a8d06aa0e19a8b69a,R142_0050,LOC,geography,Soria,Soria,text_diplomatic,9874,9879,"n cento ducati di moneda di questa Cecca si fa in Soria cento doi fin centotre reali, In modo, che bisogn",NER_authority,pending_expert_validation,proposed,1659a17f447c0848b8f2114a9a00ba1a5db60c7fb1d033db733eaff231efdf0b,rules-ner-1,aab4bde042c44e48e5dd7eaaf862d97e6b82c4fbcf48b269781a4312bdbcda6c
c2d191e93e8c444c65dbba8259fc251cc6b6e9f0ad336f5bcfeb5736bf750e48,R142_0050,ORG,institutional_terms,Senato,Senato,text_diplomatic,10579,10585,contra la forma delle sue leggi prese nell'Ecc.mo Senato in questo proposito. Ma crederessimo bene che si ,NER_authority,pending_expert_validation,proposed,1659a17f447c0848b8f2114a9a00ba1a5db60c7fb1d033db733eaff231efdf0b,rules-ner-1,aab4bde042c44e48e5dd7eaaf862d97e6b82c4fbcf48b269781a4312bdbcda6c
42aa6b8f14d8801b65bdfc270fac92bc77d5b67b43be7fa51111914b9a07c3f8,R142_0050,LOC,geography,Levante,Levante,text_diplomatic,10958,10965,"ualche maggior reputatione della altra moneta nel Levante, la qual nova moneda del peso sopradetto per la e",NER_authority,pending_expert_validation,proposed,1659a17f447c0848b8f2114a9a00ba1a5db60c7fb1d033db733eaff231efdf0b,rules-ner-1,aab4bde042c44e48e5dd7eaaf862d97e6b82c4fbcf48b269781a4312bdbcda6c
a929646c521d01264a34aa7454f7d54c5f679e03cd89f8ef7e0bb2e694fd52c6,R142_0050,LOC,geography,Costantinopoli,Constantinopoli,text_diplomatic,11446,11461,"Et di questo [145v] si potria farne far il sazo à Constantinopoli da ministri deputati dal Bassa, dal quale veduta ",NER_authority,pending_expert_validation,proposed,1659a17f447c0848b8f2114a9a00ba1a5db60c7fb1d033db733eaff231efdf0b,rules-ner-1,aab4bde042c44e48e5dd7eaaf862d97e6b82c4fbcf48b269781a4312bdbcda6c
d5cfe718b66d086dff1a212d6bc3c4600fb7e77b3272ccc0e4df8642b99f780b,R142_0050,LOC,geography,Napoli,Napoli,text_diplomatic,12059,12065,"rono andar in corso li vasselli di sicilia, et di Napoli li quali si ben tolevano tutto quello che piu lor",NER_authority,pending_expert_validation,proposed,1659a17f447c0848b8f2114a9a00ba1a5db60c7fb1d033db733eaff231efdf0b,rules-ner-1,aab4bde042c44e48e5dd7eaaf862d97e6b82c4fbcf48b269781a4312bdbcda6c
73f6195c20c2a5506e38d8071ee7efbd125f9f354956f1f83dc26dab193076dc,R142_0050,LOC,geography,Soria,Soria,text_diplomatic,12254,12259,"urchi hebrei, et de simili nationi, il consulo di Soria di quel tempo insieme con il consegli di XII term",NER_authority,pending_expert_validation,proposed,1659a17f447c0848b8f2114a9a00ba1a5db60c7fb1d033db733eaff231efdf0b,rules-ner-1,aab4bde042c44e48e5dd7eaaf862d97e6b82c4fbcf48b269781a4312bdbcda6c
06d558c4b6bd17c7a6e38cab9ad3da510bfb087ab023fc562f37b5ee1265116c,R142_0050,LOC,geography,Soria,Soria,text_diplomatic,12947,12952,"nti delle nationi sudette conducono molte sede in Soria, et ne porteriano in questa città gran parte di q",NER_authority,pending_expert_validation,proposed,1659a17f447c0848b8f2114a9a00ba1a5db60c7fb1d033db733eaff231efdf0b,rules-ner-1,aab4bde042c44e48e5dd7eaaf862d97e6b82c4fbcf48b269781a4312bdbcda6c
249b2d344dc005894c8600bd291392a8e588d07d8875330e50df942965f1012e,R142_0050,PER,actors,D[omeni]go Lion,D[omeni]go Lion,signatories_raw,3,18,D. D[omeni]go Lion / D. Piero Soranzo / D. F.o Diedo / D. Vidal Land,NER_person_context,pending_expert_validation,unresolved,1c0b863590efb31ebd38d316dcd99882446a155cd0e6e54b3afe105a870c510a,rules-ner-1,aab4bde042c44e48e5dd7eaaf862d97e6b82c4fbcf48b269781a4312bdbcda6c
29ba32862a7b56436f663c6302806dc071da39083289d1cee1ee0c45f68beab0,R142_0050,PER,actors,Piero Soranzo,Piero Soranzo,signatories_raw,24,37,D. D[omeni]go Lion / D. Piero Soranzo / D. F.o Diedo / D. Vidal Lando ] qui,NER_person_context,pending_expert_validation,unresolved,1c0b863590efb31ebd38d316dcd99882446a155cd0e6e54b3afe105a870c510a,rules-ner-1,aab4bde042c44e48e5dd7eaaf862d97e6b82c4fbcf48b269781a4312bdbcda6c
78417c6728c3b97487073bc90ed943da15019af7082356de11e3fe50a9b9a455,R142_0050,PER,actors,Vidal Lando,Vidal Lando,signatories_raw,58,69,ni]go Lion / D. Piero Soranzo / D. F.o Diedo / D. Vidal Lando ] qui,NER_person_context,pending_expert_validation,unresolved,1c0b863590efb31ebd38d316dcd99882446a155cd0e6e54b3afe105a870c510a,rules-ner-1,aab4bde042c44e48e5dd7eaaf862d97e6b82c4fbcf48b269781a4312bdbcda6c
fe65426698270eb824f03a32a720ca126dc0e7b1b01edd6aa5a0fa00592e1caa,R142_0051,LOC,geography,Cipro,Cipro,text_diplomatic,157,162," supp.ne delli capi delli mercanti del viaggio de Cipro, et Soria, dimandanti, che essendo loro molestati",NER_authority,pending_expert_validation,proposed,97fb1c18f162da899644ca4729d5678871ae1a03915986c461f551ffa8b2baa7,rules-ner-1,aab4bde042c44e48e5dd7eaaf862d97e6b82c4fbcf48b269781a4312bdbcda6c
fc3b75efd69b695ab8acf282f4684fdbfe88c545fa130de96575b44d6c7b00ce,R142_0051,LOC,geography,Soria,Soria,text_diplomatic,167,172,"elli capi delli mercanti del viaggio de Cipro, et Soria, dimandanti, che essendo loro molestati dalli min",NER_authority,pending_expert_validation,proposed,97fb1c18f162da899644ca4729d5678871ae1a03915986c461f551ffa8b2baa7,rules-ner-1,aab4bde042c44e48e5dd7eaaf862d97e6b82c4fbcf48b269781a4312bdbcda6c
5b12eee618350f88dcf47c2b8b9af08da06d01bbc5bc14625df1adcaa9e46431,R142_0051,ORG,institutional_terms,X officij,X officij,text_diplomatic,231,240,"nti, che essendo loro molestati dalli ministri di X officij per le bollette espedite all'off° dell'Insida sen",NER_authority,pending_expert_validation,proposed,97fb1c18f162da899644ca4729d5678871ae1a03915986c461f551ffa8b2baa7,rules-ner-1,aab4bde042c44e48e5dd7eaaf862d97e6b82c4fbcf48b269781a4312bdbcda6c
40734caf9454835c4e08448830bc72c6f3e022b4790703f18b7aab08fafce5c9,R142_0051,ORG,institutional_terms,Senato,Senato,text_diplomatic,1997,2003,"ameto et a 12 ottobre 1595 non piacque all'Ecc.mo Senato di darle essa proroga, et tutto cio occorse per l",NER_authority,pending_expert_validation,proposed,97fb1c18f162da899644ca4729d5678871ae1a03915986c461f551ffa8b2baa7,rules-ner-1,aab4bde042c44e48e5dd7eaaf862d97e6b82c4fbcf48b269781a4312bdbcda6c
d2ba93dfbfef347efa2f76a4c5fe71e65b2368d8162c1a2c7d473a83491b8c59,R142_0051,ORG,institutional_terms,X officij,X officij,text_diplomatic,3535,3544,"he li saranno sta dati li conti dalli ministri di X officij, giurar tute quelle bollette che saranno state es",NER_authority,pending_expert_validation,proposed,97fb1c18f162da899644ca4729d5678871ae1a03915986c461f551ffa8b2baa7,rules-ner-1,aab4bde042c44e48e5dd7eaaf862d97e6b82c4fbcf48b269781a4312bdbcda6c
9c2335ef180f627657ce48287400439a9fb1e9ba5e04b89f747b96cc6d8b14c2,R142_0051,PER,actors,Marco Gradenigo,Marco Gradenigo,signatories_raw,0,15,"Marco Gradenigo, Piero Soranzo, F.co Diedo (?), Vidal Lando",NER_person_name,pending_expert_validation,unresolved,db58774d496172fc71c02e644866325a155117ee97c2cc2ac714965c16397ff4,rules-ner-1,aab4bde042c44e48e5dd7eaaf862d97e6b82c4fbcf48b269781a4312bdbcda6c
da9016884dd3b94546753bb0524847dcfe78a1001f543608a7d871ee4645ad29,R142_0051,PER,actors,Piero Soranzo,Piero Soranzo,signatories_raw,17,30,"Marco Gradenigo, Piero Soranzo, F.co Diedo (?), Vidal Lando",NER_person_name,pending_expert_validation,unresolved,db58774d496172fc71c02e644866325a155117ee97c2cc2ac714965c16397ff4,rules-ner-1,aab4bde042c44e48e5dd7eaaf862d97e6b82c4fbcf48b269781a4312bdbcda6c
4e236aac2a878557e980375202cdfec41ddb08481186993f3a915d1fb70c9658,R142_0051,PER,actors,Francesco Diedo,F.co Diedo,signatories_raw,32,42,"Marco Gradenigo, Piero Soranzo, F.co Diedo (?), Vidal Lando",NER_authority,pending_expert_validation,proposed,db58774d496172fc71c02e644866325a155117ee97c2cc2ac714965c16397ff4,rules-ner-1,aab4bde042c44e48e5dd7eaaf862d97e6b82c4fbcf48b269781a4312bdbcda6c
4c25c87a7a6e88fa66fc13b607c2acb2434a2bb9061fd876f99f7ed1f188faa3,R142_0051,PER,actors,Vidal Lando,Vidal Lando,signatories_raw,48,59,"Marco Gradenigo, Piero Soranzo, F.co Diedo (?), Vidal Lando",NER_person_name,pending_expert_validation,unresolved,db58774d496172fc71c02e644866325a155117ee97c2cc2ac714965c16397ff4,rules-ner-1,aab4bde042c44e48e5dd7eaaf862d97e6b82c4fbcf48b269781a4312bdbcda6c
6e3288458a05d739773422cbdb939d36698cf005eadc043a0b9fc30b4e356224,R142_0052,ORG,institutional_terms,Collegio,Collegio,text_diplomatic,78,86," hebrei mercani, come ha veduto hieri nell'Ecc.mo Collegio si trova in grandissima confusione vedendo esserl",NER_authority,pending_expert_validation,proposed,d65659ceb636043ae637ea6ab7cb77e45d4f44ec8e4b92a6b0e1ad616e60ddfb,rules-ner-1,aab4bde042c44e48e5dd7eaaf862d97e6b82c4fbcf48b269781a4312bdbcda6c
b133772779f37b5ee437883ba57168b607e6e8e0646e103670d2b0659fe7b1cb,R142_0052,ORG,institutional_terms,Senato,Senato,text_diplomatic,191,197,"cata quella fede, che le è stata data dall'Ecc.mo Senato quando furono chiamati all'habitatione di questa ",NER_authority,pending_expert_validation,proposed,d65659ceb636043ae637ea6ab7cb77e45d4f44ec8e4b92a6b0e1ad616e60ddfb,rules-ner-1,aab4bde042c44e48e5dd7eaaf862d97e6b82c4fbcf48b269781a4312bdbcda6c
aeb75d27b37042def3d6d3aadadaed8e7b16ae2c0db6b353b6af53f8c4bb2535,R142_0052,LOC,geography,Costantinopoli,Constantinopoli,text_diplomatic,411,426,"o negotio che ci resta è nelle loro mano, cosi di Constantinopoli, come della Morea, et particolarmente quello dell",NER_authority,pending_expert_validation,proposed,d65659ceb636043ae637ea6ab7cb77e45d4f44ec8e4b92a6b0e1ad616e60ddfb,rules-ner-1,aab4bde042c44e48e5dd7eaaf862d97e6b82c4fbcf48b269781a4312bdbcda6c
1c2d39b16fea8e28fe709deccc7fbb1b03e8162bd9c562a0a678cbf53974999e,R142_0052,LOC,geography,Spalato,Spalato,text_diplomatic,487,494,"a Morea, et particolarmente quello della scala di Spalato, che a questi tempi è il principale per il mal in",NER_authority,pending_expert_validation,proposed,d65659ceb636043ae637ea6ab7cb77e45d4f44ec8e4b92a6b0e1ad616e60ddfb,rules-ner-1,aab4bde042c44e48e5dd7eaaf862d97e6b82c4fbcf48b269781a4312bdbcda6c
b052601e899081a202e3f927651c4c73bb8a2f6ec9d92ae82277fc9327f1ca41,R142_0052,PER,actors,Piero Soranzo,Pietro Soranzo,text_diplomatic,1011,1025," quella grande conseguenza che a tutti è noto... [Pietro Soranzo, Vidal Lando]",NER_authority,pending_expert_validation,confirmed,d65659ceb636043ae637ea6ab7cb77e45d4f44ec8e4b92a6b0e1ad616e60ddfb,rules-ner-1,aab4bde042c44e48e5dd7eaaf862d97e6b82c4fbcf48b269781a4312bdbcda6c
078616a8f23c9053a3b93f08c5c68a92e362797f8343b02c24e9f64dd6db1bb3,R142_0052,PER,actors,Vidal Lando,Vidal Lando,text_diplomatic,1027,1038,"onseguenza che a tutti è noto... [Pietro Soranzo, Vidal Lando]",NER_person_name,pending_expert_validation,unresolved,d65659ceb636043ae637ea6ab7cb77e45d4f44ec8e4b92a6b0e1ad616e60ddfb,rules-ner-1,aab4bde042c44e48e5dd7eaaf862d97e6b82c4fbcf48b269781a4312bdbcda6c
62f884bd8b407c74235921cbb9484ae284ddf238c3bd2f6deb155ffc2763455f,R142_0052,PER,actors,Piero Soranzo,Pietro Soranzo,signatories_raw,0,14,"Pietro Soranzo, Vidal Lando",NER_authority,pending_expert_validation,confirmed,64aad1e84597762830e453b5e292325420403b5b4c8509c3c400a6cab629a13a,rules-ner-1,aab4bde042c44e48e5dd7eaaf862d97e6b82c4fbcf48b269781a4312bdbcda6c
b1a1809d56251ffa53e7796b1eb5f8a49ce22e0ce4ac06155830f36ced80541f,R142_0052,PER,actors,Vidal Lando,Vidal Lando,signatories_raw,16,27,"Pietro Soranzo, Vidal Lando",NER_person_name,pending_expert_validation,unresolved,64aad1e84597762830e453b5e292325420403b5b4c8509c3c400a6cab629a13a,rules-ner-1,aab4bde042c44e48e5dd7eaaf862d97e6b82c4fbcf48b269781a4312bdbcda6c
a3d81ec4bccd7507d49e4b6d737be32d7b392fbd2dd5e7a55632676cfc2ffda1,R142_0053,ORG,institutional_terms,Collegio,Collegio,text_diplomatic,132,140,in l'anno 1541 per commissione datane dall'Ecc.mo Collegio coll'autorità dell'Ecc.mo Senato provisto (?) di ,NER_authority,pending_expert_validation,proposed,5e00a6c7a1058247393151cea0865c8939455dad732ce6e46c9983357003404e,rules-ner-1,aab4bde042c44e48e5dd7eaaf862d97e6b82c4fbcf48b269781a4312bdbcda6c
3bbf0771fb8b805c0b511fbddcaf795a9b97b6e13d65ddb736fd6aeda8e37700,R142_0053,ORG,institutional_terms,Senato,Senato,text_diplomatic,167,173,ne dall'Ecc.mo Collegio coll'autorità dell'Ecc.mo Senato provisto (?) di habitatione nel Ghetto vecchio ch,NER_authority,pending_expert_validation,proposed,5e00a6c7a1058247393151cea0865c8939455dad732ce6e46c9983357003404e,rules-ner-1,aab4bde042c44e48e5dd7eaaf862d97e6b82c4fbcf48b269781a4312bdbcda6c
b2d9f48e9939bae7affa4d1f3efee19d1d3c76771d18b7eb58f0dadc0c26fc2b,R142_0053,ORG,institutional_terms,Cattaveri,Cattaveri,text_diplomatic,291,300,"o Canaregio che pretendono al presente li signori Cattaveri di sottoponer [155] al loro governo, et sotto la ",NER_authority,pending_expert_validation,proposed,5e00a6c7a1058247393151cea0865c8939455dad732ce6e46c9983357003404e,rules-ner-1,aab4bde042c44e48e5dd7eaaf862d97e6b82c4fbcf48b269781a4312bdbcda6c
7021f855b904b7e2891006120c7f3dc01cfc23c1aea208d316debc49d266fa2e,R142_0053,ORG,institutional_terms,Senato,Senato,text_diplomatic,510,516,"do noi chiamati sopra cio dalla parte dell'ecc.mo Senato di 27 settembre passato sopra la novita, che fece",NER_authority,pending_expert_validation,proposed,5e00a6c7a1058247393151cea0865c8939455dad732ce6e46c9983357003404e,rules-ner-1,aab4bde042c44e48e5dd7eaaf862d97e6b82c4fbcf48b269781a4312bdbcda6c
6e343137aa36cbce0230220efc360f6cc892d43adeea0701aa6fa5e092b2b778,R142_0053,ORG,institutional_terms,Cattaveri,Cattaveri,text_diplomatic,769,778,"ione, cosi intorno le pretensioni di essi signori Cattaveri, come intorno la scrittura a lei presentata, a no",NER_authority,pending_expert_validation,proposed,5e00a6c7a1058247393151cea0865c8939455dad732ce6e46c9983357003404e,rules-ner-1,aab4bde042c44e48e5dd7eaaf862d97e6b82c4fbcf48b269781a4312bdbcda6c
a671236f17a849cced061d3ca6c12b8b1679060a2675378d9d0672bcc9a269a1,R142_0053,ORG,institutional_terms,Senato,Senato,text_diplomatic,1254,1260,"e deliberationi, che sono state fatte dall'Ecc.mo Senato in tutti li tempi, secondo, che ha ricercato il s",NER_authority,pending_expert_validation,proposed,5e00a6c7a1058247393151cea0865c8939455dad732ce6e46c9983357003404e,rules-ner-1,aab4bde042c44e48e5dd7eaaf862d97e6b82c4fbcf48b269781a4312bdbcda6c
91164557f0037ce2909d9db78c4fe28136995a8a1bef5b4be1707b32ee3b7029,R142_0053,ORG,institutional_terms,Senato,Senato,text_diplomatic,1969,1975,"ovviar à molti inconvenienti deliberò coll'ecc.mo Senato l'anno 1516 a 29 marzo, che tutti li hebrei, che ",NER_authority,pending_expert_validation,proposed,5e00a6c7a1058247393151cea0865c8939455dad732ce6e46c9983357003404e,rules-ner-1,aab4bde042c44e48e5dd7eaaf862d97e6b82c4fbcf48b269781a4312bdbcda6c
9cf34ed31d437653327d54033f9ef6c4d823a52ec18a3ff60ed9999bb8c02f0e,R142_0053,ORG,institutional_terms,Collegio,collegio,text_diplomatic,2759,2767,"iani, li quali dovessero esser eletti dall'ecc.mo collegio, et dattili da esso quelli ordeni, che piu li fos",NER_authority,pending_expert_validation,proposed,5e00a6c7a1058247393151cea0865c8939455dad732ce6e46c9983357003404e,rules-ner-1,aab4bde042c44e48e5dd7eaaf862d97e6b82c4fbcf48b269781a4312bdbcda6c
332ef62a0bf145cb05becd4dcc9e1c52cda0ac902113c83a040f3a4bad83d22f,R142_0053,ORG,institutional_terms,Collegio,Collegio,text_diplomatic,3090,3098,"uelli ordeni, che li fossero dati pur dall'Ecc.mo Collegio per la sua bona custodia.

Che quelli hebrei, che",NER_authority,pending_expert_validation,proposed,5e00a6c7a1058247393151cea0865c8939455dad732ce6e46c9983357003404e,rules-ner-1,aab4bde042c44e48e5dd7eaaf862d97e6b82c4fbcf48b269781a4312bdbcda6c
dfa185147f642ff772328b26de073d25741db8dfbc33230581c1d7816d56c981,R142_0053,ORG,institutional_terms,Cattaveri,Cattaveri,text_diplomatic,3319,3328,"un terzo alla pieta, et un terzo alli Cl.mi ss.ri Cattaveri, a quali et successori suoi anco fu commessa l'es",NER_authority,pending_expert_validation,proposed,5e00a6c7a1058247393151cea0865c8939455dad732ce6e46c9983357003404e,rules-ner-1,aab4bde042c44e48e5dd7eaaf862d97e6b82c4fbcf48b269781a4312bdbcda6c
2aa28257326cd1fd65150ac503ddd132040a2e7a604070c01e9818b4de95ab4c,R142_0053,ORG,institutional_terms,Collegio,collegio,text_diplomatic,3502,3510,"lli ancora, che fossero aggionti dall'Ecc.mo pien collegio, et se ad essi ss.ri cattaveri paresse di aggiong",NER_authority,pending_expert_validation,proposed,5e00a6c7a1058247393151cea0865c8939455dad732ce6e46c9983357003404e,rules-ner-1,aab4bde042c44e48e5dd7eaaf862d97e6b82c4fbcf48b269781a4312bdbcda6c
418985506bda8832a7a1c35b50879d6f499d4f53d23ee0ec7907c36a776390b2,R142_0053,ORG,institutional_terms,Cattaveri,cattaveri,text_diplomatic,3532,3541,"ti dall'Ecc.mo pien collegio, et se ad essi ss.ri cattaveri paresse di aggionger alcuna regula potessero senz",NER_authority,pending_expert_validation,proposed,5e00a6c7a1058247393151cea0865c8939455dad732ce6e46c9983357003404e,rules-ner-1,aab4bde042c44e48e5dd7eaaf862d97e6b82c4fbcf48b269781a4312bdbcda6c
fcc30fddb645f48f75dcafa7d0c5894b5de115748253045141d94f0cf9d53bff,R142_0053,ORG,institutional_terms,Collegio,Collegio,text_diplomatic,3634,3642,"ro senza alterar il preso raccordarlo nell'ecc.mo Collegio, accioche da esso fosse deliberato quello li foss",NER_authority,pending_expert_validation,proposed,5e00a6c7a1058247393151cea0865c8939455dad732ce6e46c9983357003404e,rules-ner-1,aab4bde042c44e48e5dd7eaaf862d97e6b82c4fbcf48b269781a4312bdbcda6c
674fb598683bc52b0b3371335981b47ecf72069769552c6de9700900f69ad5ae,R142_0053,ORG,institutional_terms,Senato,Senato,text_diplomatic,3922,3928,"
Questa è la provisione, che fu fatta dall'Ecc.mo Senato circa il Ghetto Nuovo dalla parte verso san Hiero",NER_authority,pending_expert_validation,proposed,5e00a6c7a1058247393151cea0865c8939455dad732ce6e46c9983357003404e,rules-ner-1,aab4bde042c44e48e5dd7eaaf862d97e6b82c4fbcf48b269781a4312bdbcda6c
351caa9cb680b3fc897fd0020f1a17d51b75c751725887fe95d62713d4e8b45a,R142_0053,ORG,institutional_terms,Senato,Senato,text_diplomatic,5006,5012,"n danno publico et delli datij, delibero l'Ecc.mo Senato con il parer anco di nostri Precessori di far all",NER_authority,pending_expert_validation,proposed,5e00a6c7a1058247393151cea0865c8939455dad732ce6e46c9983357003404e,rules-ner-1,aab4bde042c44e48e5dd7eaaf862d97e6b82c4fbcf48b269781a4312bdbcda6c
99aa459b3f5243d428a843b422c1279644e4f37f5b04a1c4d6e0fdec5c3ad03b,R142_0053,LOC,geography,Venezia,Venetia,text_diplomatic,5147,5154,"radette mercantie et altre fossero indrizzate per Venetia, et per cio alli 2 di zugno prese parte non solo ",NER_authority,pending_expert_validation,proposed,5e00a6c7a1058247393151cea0865c8939455dad732ce6e46c9983357003404e,rules-ner-1,aab4bde042c44e48e5dd7eaaf862d97e6b82c4fbcf48b269781a4312bdbcda6c
a162a54f73a1fe20a1dc1492ccb17e371407a3956c93a34cc2bf9faa4bf33b03,R142_0053,LOC,geography,Venezia,Venetia,text_diplomatic,5951,5958,"ilitando questi mercanti hebrei levantini venir a Venetia per detto tempo, era insieme necessario provederl",NER_authority,pending_expert_validation,proposed,5e00a6c7a1058247393151cea0865c8939455dad732ce6e46c9983357003404e,rules-ner-1,aab4bde042c44e48e5dd7eaaf862d97e6b82c4fbcf48b269781a4312bdbcda6c
e8f29b16ab58d17b03c492c16f73d1ef89df5250d9fd3369ee39830038ea85a0,R142_0053,ORG,institutional_terms,Collegio,Collegio,text_diplomatic,6150,6158,"stessa parte del 1541 deliberato, che dall'Ecc.mo Collegio fosse dato il carico a quel magistrato li fosse p",NER_authority,pending_expert_validation,proposed,5e00a6c7a1058247393151cea0865c8939455dad732ce6e46c9983357003404e,rules-ner-1,aab4bde042c44e48e5dd7eaaf862d97e6b82c4fbcf48b269781a4312bdbcda6c
7bfeeab85412687cb8759b5035c306436eaaee32b790569e65841750c268dd3f,R142_0053,ORG,institutional_terms,Collegio,Collegio,text_diplomatic,6322,6330," dati da esso Magistrato et approbati nell'Ecc.mo Collegio, dovendo restar essi hebrei sempre serrati, et cu",NER_authority,pending_expert_validation,proposed,5e00a6c7a1058247393151cea0865c8939455dad732ce6e46c9983357003404e,rules-ner-1,aab4bde042c44e48e5dd7eaaf862d97e6b82c4fbcf48b269781a4312bdbcda6c
98e55eddd9156e9a2ba2a752ace3c47c50c0239be99a515c0d868c5e48845475,R142_0053,ORG,institutional_terms,Senato,senato,text_diplomatic,6586,6592,"rmo, et valido, come se fusse fatto per l'istesso senato.

Per essecution della qual parte fu dall'Ecc.mo ",NER_authority,pending_expert_validation,proposed,5e00a6c7a1058247393151cea0865c8939455dad732ce6e46c9983357003404e,rules-ner-1,aab4bde042c44e48e5dd7eaaf862d97e6b82c4fbcf48b269781a4312bdbcda6c
a19a5d35baf9c747616cfe0795fa1f90c84afa62807d6ee7b48db66bde63c7b7,R142_0053,ORG,institutional_terms,Collegio,Collegio,text_diplomatic,6642,6650,".

Per essecution della qual parte fu dall'Ecc.mo Collegio commesso [156v] tal carico all'Officio nostro. On",NER_authority,pending_expert_validation,proposed,5e00a6c7a1058247393151cea0865c8939455dad732ce6e46c9983357003404e,rules-ner-1,aab4bde042c44e48e5dd7eaaf862d97e6b82c4fbcf48b269781a4312bdbcda6c
2ef873ab03ddcb8083a11f8de2c5bcb6e71d81d4e888a267db1a86480424cd32,R142_0053,ORG,institutional_terms,Collegio,Collegio,text_diplomatic,6947,6955," sotto li 21 luglio 1541 et approbati dall'Ecc.mo Collegio, li quali contengono alzar li muri da una parte, ",NER_authority,pending_expert_validation,proposed,5e00a6c7a1058247393151cea0865c8939455dad732ce6e46c9983357003404e,rules-ner-1,aab4bde042c44e48e5dd7eaaf862d97e6b82c4fbcf48b269781a4312bdbcda6c
8feae0828122d2f511f817a57922a8f0027cfa214ea9e5d786d0f54c3350ad86,R142_0053,ORG,institutional_terms,Senato,Senato,text_diplomatic,7493,7499,"t per l'auttorità deliberativa datali dall'Ecc.mo Senato ha sempre custodito esso Ghetto, et di tempo in t",NER_authority,pending_expert_validation,proposed,5e00a6c7a1058247393151cea0865c8939455dad732ce6e46c9983357003404e,rules-ner-1,aab4bde042c44e48e5dd7eaaf862d97e6b82c4fbcf48b269781a4312bdbcda6c
dfaf29ba044717b877f2151e3aa7d00dcb6577c5e7362bc9d34dacd241d12994,R142_0053,ORG,institutional_terms,Senato,Senato,text_diplomatic,7760,7766,one. L'anno 1589 delibero similmente con l'Ecc.mo Senato secondo nel Raccordo del q. Daniel Rodriga di pri,NER_authority,pending_expert_validation,proposed,5e00a6c7a1058247393151cea0865c8939455dad732ce6e46c9983357003404e,rules-ner-1,aab4bde042c44e48e5dd7eaaf862d97e6b82c4fbcf48b269781a4312bdbcda6c
a7cc400f9a0403950e7313f4dc0a763f3c4de17f2c9653b7072cb30529a92d6d,R142_0053,PER,actors,Daniel Rodriga,Daniel Rodriga,text_diplomatic,7795,7809,"e con l'Ecc.mo Senato secondo nel Raccordo del q. Daniel Rodriga di privilegiare li detti hebrei Levantini, et anc",NER_person_context,pending_expert_validation,unresolved,5e00a6c7a1058247393151cea0865c8939455dad732ce6e46c9983357003404e,rules-ner-1,aab4bde042c44e48e5dd7eaaf862d97e6b82c4fbcf48b269781a4312bdbcda6c
02ed68604c13f3696e9ccd137e9d2ce24ce324283c713967d6e28d84d1e5fd55,R142_0053,ORG,institutional_terms,Senato,Senato,text_diplomatic,8147,8153,"vitio come viene espresso nella parte dell'Ecc.mo Senato, nella quale è similmente detto che dal nostro Ma",NER_authority,pending_expert_validation,proposed,5e00a6c7a1058247393151cea0865c8939455dad732ce6e46c9983357003404e,rules-ner-1,aab4bde042c44e48e5dd7eaaf862d97e6b82c4fbcf48b269781a4312bdbcda6c
29e20d8aaf8deed572b3c1fc5534d5bfcc860d8fd94e00e8cb6d681e55dd6ae6,R142_0053,ORG,institutional_terms,Senato,Senato,text_diplomatic,8639,8645,"no le provisioni che sono state fatte dall'Ecc.mo Senato dall'Ecc.mo Collegio, et dal Magistrato nostro pe",NER_authority,pending_expert_validation,proposed,5e00a6c7a1058247393151cea0865c8939455dad732ce6e46c9983357003404e,rules-ner-1,aab4bde042c44e48e5dd7eaaf862d97e6b82c4fbcf48b269781a4312bdbcda6c
6f15e59d78bc48e57385db8a3660a93b9ac0ff810698613344d88a5a964030ab,R142_0053,ORG,institutional_terms,Collegio,Collegio,text_diplomatic,8658,8666,"e sono state fatte dall'Ecc.mo Senato dall'Ecc.mo Collegio, et dal Magistrato nostro per la auttorità datale",NER_authority,pending_expert_validation,proposed,5e00a6c7a1058247393151cea0865c8939455dad732ce6e46c9983357003404e,rules-ner-1,aab4bde042c44e48e5dd7eaaf862d97e6b82c4fbcf48b269781a4312bdbcda6c
65a0ad0e3c48eac537b342575798e9e4ed62990e6678c9db8bfce408a8582931,R142_0053,ORG,institutional_terms,Senato,Senato,text_diplomatic,8896,8902,hiaramente quale sia la deliberatione dell'Ecc.mo Senato dell'anno 1516 quando instituì il Ghetto Nuovo da,NER_authority,pending_expert_validation,proposed,5e00a6c7a1058247393151cea0865c8939455dad732ce6e46c9983357003404e,rules-ner-1,aab4bde042c44e48e5dd7eaaf862d97e6b82c4fbcf48b269781a4312bdbcda6c
93d4068dbe80ef7e52144ba2f5878da8b74c02f950ba8c8bd17f5b19454a91da,R142_0053,ORG,institutional_terms,Cattaveri,Cattaveri,text_diplomatic,9315,9324,"in che consista l'auttorita data alli Cl.mi ss.ri Cattaveri per la parte 1516, et l'auttorita data al Magistr",NER_authority,pending_expert_validation,proposed,5e00a6c7a1058247393151cea0865c8939455dad732ce6e46c9983357003404e,rules-ner-1,aab4bde042c44e48e5dd7eaaf862d97e6b82c4fbcf48b269781a4312bdbcda6c
ab5c85950c72621f4da34683fc3b3fabecba06fcf5b3c308a2615089b15a0d68,R142_0053,ORG,institutional_terms,Cattaveri,Cattaveri,text_diplomatic,9532,9541," del 1516 non è stata data, né hanno essi signori Cattaveri, altra auttorita, che la semplice essecutione del",NER_authority,pending_expert_validation,proposed,5e00a6c7a1058247393151cea0865c8939455dad732ce6e46c9983357003404e,rules-ner-1,aab4bde042c44e48e5dd7eaaf862d97e6b82c4fbcf48b269781a4312bdbcda6c
10b9327a07b4211d7eab63467e3c85069fcdd6476c6987f7e3a2b268069b0791,R142_0053,ORG,institutional_terms,Collegio,Collegio,text_diplomatic,9693,9701,"di poter raccordar alcun'altra regula nell'Ecc.mo Collegio, al qual sta poi la deliberatione poiche quanto s",NER_authority,pending_expert_validation,proposed,5e00a6c7a1058247393151cea0865c8939455dad732ce6e46c9983357003404e,rules-ner-1,aab4bde042c44e48e5dd7eaaf862d97e6b82c4fbcf48b269781a4312bdbcda6c
e0951a8c924d080ddf50b1929dd636a4d9be71d08b2947893eda6bd94e951885,R142_0053,ORG,institutional_terms,Cattaveri,Cattaveri,text_diplomatic,10005,10014,"venire, rimessa la deliberatione non alli signori Cattaveri, ma all'istesso Ecc.mo Collegio. Ne vediamo come ",NER_authority,pending_expert_validation,proposed,5e00a6c7a1058247393151cea0865c8939455dad732ce6e46c9983357003404e,rules-ner-1,aab4bde042c44e48e5dd7eaaf862d97e6b82c4fbcf48b269781a4312bdbcda6c
e262d55edd77c17c76451078c58d7c2633105f5f0365a70437425df53e5c4eae,R142_0053,ORG,institutional_terms,Collegio,Collegio,text_diplomatic,10038,10046,"non alli signori Cattaveri, ma all'istesso Ecc.mo Collegio. Ne vediamo come voglino in virtù di detta parte ",NER_authority,pending_expert_validation,proposed,5e00a6c7a1058247393151cea0865c8939455dad732ce6e46c9983357003404e,rules-ner-1,aab4bde042c44e48e5dd7eaaf862d97e6b82c4fbcf48b269781a4312bdbcda6c
17756c9eff6ab05fd8d98922425388ed9951460c8d4bd05ce84a5ddbce2b3755,R142_0053,ORG,institutional_terms,Senato,Senato,text_diplomatic,10349,10355,"te instituito del 1541, al qual tempo se l'Ecc.mo Senato, che havesse voluto, che li ss.ri Cattaveri fosse",NER_authority,pending_expert_validation,proposed,5e00a6c7a1058247393151cea0865c8939455dad732ce6e46c9983357003404e,rules-ner-1,aab4bde042c44e48e5dd7eaaf862d97e6b82c4fbcf48b269781a4312bdbcda6c
ecc5eefc3e3fa8bca3d15b988f5ae4125e95fdfbbca9ea628ddb8da9ca8bba46,R142_0053,ORG,institutional_terms,Cattaveri,Cattaveri,text_diplomatic,10390,10399,"l'Ecc.mo Senato, che havesse voluto, che li ss.ri Cattaveri fossero essecutori di essa deliberatione, et dell",NER_authority,pending_expert_validation,proposed,5e00a6c7a1058247393151cea0865c8939455dad732ce6e46c9983357003404e,rules-ner-1,aab4bde042c44e48e5dd7eaaf862d97e6b82c4fbcf48b269781a4312bdbcda6c
ae8dc7aed2a01d627ecdaadff30bb411e4b9743382581a10182bec583031babf,R142_0053,ORG,institutional_terms,Collegio,Collegio,text_diplomatic,10539,10547," Ghetto non occorreva, che commettesse all'Ecc.mo Collegio che disputasse altro magistrato a tal carico, ne ",NER_authority,pending_expert_validation,proposed,5e00a6c7a1058247393151cea0865c8939455dad732ce6e46c9983357003404e,rules-ner-1,aab4bde042c44e48e5dd7eaaf862d97e6b82c4fbcf48b269781a4312bdbcda6c
63b3e3937a7de65d3f13a25c225abc471b61a4b73e2eb3ce1d2a7f47346c0c53,R142_0053,ORG,institutional_terms,Senato,Senato,text_diplomatic,11997,12003," questo prendeno grande equivoco, perche l'Ecc.mo Senato con quelle parole si lascia chiaramente intender,",NER_authority,pending_expert_validation,proposed,5e00a6c7a1058247393151cea0865c8939455dad732ce6e46c9983357003404e,rules-ner-1,aab4bde042c44e48e5dd7eaaf862d97e6b82c4fbcf48b269781a4312bdbcda6c
34ebabfcaa9e9828bd5526a9f6c85d773a364d834ea4550e70404fb9c03ba1ce,R142_0053,ORG,institutional_terms,Cattaveri,Cattaveri,text_diplomatic,12370,12379,", ma non percio sotto la custodia di essi signori Cattaveri, perche l'haverebbe detto et non haverebbe commes",NER_authority,pending_expert_validation,proposed,5e00a6c7a1058247393151cea0865c8939455dad732ce6e46c9983357003404e,rules-ner-1,aab4bde042c44e48e5dd7eaaf862d97e6b82c4fbcf48b269781a4312bdbcda6c
8c6cffc623b82c93cf72f9034a2712745f426ea03acf6cc01ac29b48e94a25c0,R142_0053,ORG,institutional_terms,Collegio,Collegio,text_diplomatic,12443,12451,erebbe detto et non haverebbe commesso all'Ecc.mo Collegio che deputasse altro Magistrato. Li Precessori Nos,NER_authority,pending_expert_validation,proposed,5e00a6c7a1058247393151cea0865c8939455dad732ce6e46c9983357003404e,rules-ner-1,aab4bde042c44e48e5dd7eaaf862d97e6b82c4fbcf48b269781a4312bdbcda6c
6183e5fda58d3eb137c8ec7f7a69c05e95bf023cae636ae56136fd489cc0aa27,R142_0053,ORG,institutional_terms,Senato,Senato,text_diplomatic,12540,12546,"cessori Nostri se tale fosse stata la volonta del Senato non si sarebbono impediti, ne li Precessori di es",NER_authority,pending_expert_validation,proposed,5e00a6c7a1058247393151cea0865c8939455dad732ce6e46c9983357003404e,rules-ner-1,aab4bde042c44e48e5dd7eaaf862d97e6b82c4fbcf48b269781a4312bdbcda6c
434eac30e46e846c6e628b03a9408b49df04491faad465bcd7da602ac757beae,R142_0053,ORG,institutional_terms,Cattaveri,Cattaveri,text_diplomatic,12607,12616,"ebbono impediti, ne li Precessori di essi signori Cattaveri, che pur anch'essi erano in Senato al prender di ",NER_authority,pending_expert_validation,proposed,5e00a6c7a1058247393151cea0865c8939455dad732ce6e46c9983357003404e,rules-ner-1,aab4bde042c44e48e5dd7eaaf862d97e6b82c4fbcf48b269781a4312bdbcda6c
d4ba8bf9a41889f24e6a272f3582170ed2fc274a066a00882de1dc5bb2a13100,R142_0053,ORG,institutional_terms,Senato,Senato,text_diplomatic,12645,12651,"ssi signori Cattaveri, che pur anch'essi erano in Senato al prender di essa deliberatione l'haverebbono pe",NER_authority,pending_expert_validation,proposed,5e00a6c7a1058247393151cea0865c8939455dad732ce6e46c9983357003404e,rules-ner-1,aab4bde042c44e48e5dd7eaaf862d97e6b82c4fbcf48b269781a4312bdbcda6c
c076be97dd2a15116063dc13363ff2c7725dbf6e08560d494fc039cbfba397e1,R142_0053,ORG,institutional_terms,Cattaveri,Cattaveri,text_diplomatic,12896,12905,"mai l'hanno pretesa nonche essercitata li signori Cattaveri, et si alcuna volta hanno messo mano in alcuna co",NER_authority,pending_expert_validation,proposed,5e00a6c7a1058247393151cea0865c8939455dad732ce6e46c9983357003404e,rules-ner-1,aab4bde042c44e48e5dd7eaaf862d97e6b82c4fbcf48b269781a4312bdbcda6c
f0a0da68467da76beedc20e3d6498b055e6052b4a43cbb002c725a1a8e9000d2,R142_0053,ORG,institutional_terms,Cattaveri,Cattaveri,text_diplomatic,13891,13900,"ch molestia d'alcuno delli ministri delli signori Cattaveri, o fatta alcuna inovatione sono stati sufragati d",NER_authority,pending_expert_validation,proposed,5e00a6c7a1058247393151cea0865c8939455dad732ce6e46c9983357003404e,rules-ner-1,aab4bde042c44e48e5dd7eaaf862d97e6b82c4fbcf48b269781a4312bdbcda6c
1d2bc43e1078f79934c7924285c09da0c3f77ed00bc51127159d244a4d103506,R142_0053,ORG,institutional_terms,Cattaveri,Cattaveri,text_diplomatic,14512,14521,"delli hebrei Todeschi, non devono pero li signori Cattaveri haver la custodia di essi, poiche sono in quel Gh",NER_authority,pending_expert_validation,proposed,5e00a6c7a1058247393151cea0865c8939455dad732ce6e46c9983357003404e,rules-ner-1,aab4bde042c44e48e5dd7eaaf862d97e6b82c4fbcf48b269781a4312bdbcda6c
98314772f22334dca822676b5cb683abe05b0d777aa55292843d179d25c56193,R142_0053,ORG,institutional_terms,Cattaveri,Cattaveri,text_diplomatic,15068,15077,"odia di quel Ghetto. Veniva detto da essi signori Cattaveri, che in esso Ghetto vi fossero se non 58 famiglie",NER_authority,pending_expert_validation,proposed,5e00a6c7a1058247393151cea0865c8939455dad732ce6e46c9983357003404e,rules-ner-1,aab4bde042c44e48e5dd7eaaf862d97e6b82c4fbcf48b269781a4312bdbcda6c
e0b7164867301f2920957c77e5b8f12b1db6faa50ef38247cdd1ab5e5fb08eeb,R142_0053,ORG,institutional_terms,Cattaveri,Cattaveri,text_diplomatic,15901,15910,"rmata certa inhibitione del magistrato di signori Cattaveri per occasione di certa fabrica, che faceva fare i",NER_authority,pending_expert_validation,proposed,5e00a6c7a1058247393151cea0865c8939455dad732ce6e46c9983357003404e,rules-ner-1,aab4bde042c44e48e5dd7eaaf862d97e6b82c4fbcf48b269781a4312bdbcda6c
ac6f5d5e5ffbb18ee34fd9a20bba06575601f1834010c0257db8c2a3a9ff0b89,R142_0053,PER,actors,Piero Buoro,Piero Buoro,text_diplomatic,15990,16001,"a, che faceva fare in Ghetto vecchio il Cl.mo s.r Piero Buoro, si raccordino che con essa terminatione preteser",NER_person_name,pending_expert_validation,unresolved,5e00a6c7a1058247393151cea0865c8939455dad732ce6e46c9983357003404e,rules-ner-1,aab4bde042c44e48e5dd7eaaf862d97e6b82c4fbcf48b269781a4312bdbcda6c
7ddf3afff55da0670bf4dcf616b1f7b806ef3a12f2160217e557f0201ac09014,R142_0053,ORG,institutional_terms,Collegio,collegio,text_diplomatic,16202,16210," precessori fu di ciò dato conto nell'Ecc.mo pien collegio, dal quale furono in contradittorio udite le ragi",NER_authority,pending_expert_validation,proposed,5e00a6c7a1058247393151cea0865c8939455dad732ce6e46c9983357003404e,rules-ner-1,aab4bde042c44e48e5dd7eaaf862d97e6b82c4fbcf48b269781a4312bdbcda6c
5e0d6c8d8a63d1a249265aff4fb7e7d592834f5696f5518e4c77841c06917f3c,R142_0053,ORG,institutional_terms,Cattaveri,Cattaveri,text_diplomatic,16296,16305," udite le ragioni, et pretensioni di essi signori Cattaveri, et del magistrato nostro, et terminato, che le c",NER_authority,pending_expert_validation,proposed,5e00a6c7a1058247393151cea0865c8939455dad732ce6e46c9983357003404e,rules-ner-1,aab4bde042c44e48e5dd7eaaf862d97e6b82c4fbcf48b269781a4312bdbcda6c
3b12dbd03b4744addcb658235db4fdd687293a52f577b6b500f4f88fc210c972,R142_0053,ORG,institutional_terms,Cattaveri,Cattaveri,text_diplomatic,16891,16900,"hora, et commetterlo alla custodia di Cl.mi ss.ri Cattaveri, se gli pare, che habbino ad esser governati con ",NER_authority,pending_expert_validation,proposed,5e00a6c7a1058247393151cea0865c8939455dad732ce6e46c9983357003404e,rules-ner-1,aab4bde042c44e48e5dd7eaaf862d97e6b82c4fbcf48b269781a4312bdbcda6c
11b4bc7fb9c91bf6be91a38c010b892c6129884514c1a7dd09c457b9fafcc089,R142_0053,ORG,institutional_terms,Cattaveri,cattaveri,text_diplomatic,17402,17411," commettere questi mercanti alli ministri di essi cattaveri, perche in vece di attender al loro negotio habbi",NER_authority,pending_expert_validation,proposed,5e00a6c7a1058247393151cea0865c8939455dad732ce6e46c9983357003404e,rules-ner-1,aab4bde042c44e48e5dd7eaaf862d97e6b82c4fbcf48b269781a4312bdbcda6c
5f372057b592f39332dd2ed1d19223a1a186283024998db6d712bd46961a20cf,R142_0053,LOC,geography,Spalato,Spalato,text_diplomatic,17790,17797,"iazza che è quello della Morea, et della Scala di Spalato, è nelle loro mani con molto augumento del negoti",NER_authority,pending_expert_validation,proposed,5e00a6c7a1058247393151cea0865c8939455dad732ce6e46c9983357003404e,rules-ner-1,aab4bde042c44e48e5dd7eaaf862d97e6b82c4fbcf48b269781a4312bdbcda6c
7e1f0b4098f2cce31f21e914519d9c5f7e84441fc26ea239d26db64c3bd9c944,R142_0053,PER,actors,Marco da Riva,Marco da Riva,signatories_raw,0,13,"Marco da Riva, Vicenzo Dandolo, Piero Soranzo, Hieronimo Vendra",NER_person_name,pending_expert_validation,unresolved,e3c2baeb7976e6e12b7186912794efb556c36fd6814a3390a1582452f59fda21,rules-ner-1,aab4bde042c44e48e5dd7eaaf862d97e6b82c4fbcf48b269781a4312bdbcda6c
020e998d9d5a058010e5e2476bdf966acb7910227c56431b954ac0abc451db20,R142_0053,PER,actors,Vicenzo Dandolo,Vicenzo Dandolo,signatories_raw,15,30,"Marco da Riva, Vicenzo Dandolo, Piero Soranzo, Hieronimo Vendramin, H.mo Corner",NER_person_name,pending_expert_validation,unresolved,e3c2baeb7976e6e12b7186912794efb556c36fd6814a3390a1582452f59fda21,rules-ner-1,aab4bde042c44e48e5dd7eaaf862d97e6b82c4fbcf48b269781a4312bdbcda6c
736820b581339b774c111717f797424f27a4a94519de98561b367343ee1d859d,R142_0053,PER,actors,Piero Soranzo,Piero Soranzo,signatories_raw,32,45,"Marco da Riva, Vicenzo Dandolo, Piero Soranzo, Hieronimo Vendramin, H.mo Corner",NER_person_name,pending_expert_validation,unresolved,e3c2baeb7976e6e12b7186912794efb556c36fd6814a3390a1582452f59fda21,rules-ner-1,aab4bde042c44e48e5dd7eaaf862d97e6b82c4fbcf48b269781a4312bdbcda6c
61be922c69351dd1c34a27c6a6325d5c97535ca351b2b628b14ce274a4e1ab1f,R142_0053,PER,actors,Hieronimo Vendramin,Hieronimo Vendramin,signatories_raw,47,66,"Marco da Riva, Vicenzo Dandolo, Piero Soranzo, Hieronimo Vendramin, H.mo Corner",NER_authority,pending_expert_validation,confirmed,e3c2baeb7976e6e12b7186912794efb556c36fd6814a3390a1582452f59fda21,rules-ner-1,aab4bde042c44e48e5dd7eaaf862d97e6b82c4fbcf48b269781a4312bdbcda6c
f13a922af333c70f6adfa96d2a727f04cff25fb140c96c9c4420933a7e2b7e77,R142_0053,PER,actors,Hieronimo Corner,H.mo Corner,signatories_raw,68,79,"enzo Dandolo, Piero Soranzo, Hieronimo Vendramin, H.mo Corner",NER_authority,pending_expert_validation,proposed,e3c2baeb7976e6e12b7186912794efb556c36fd6814a3390a1582452f59fda21,rules-ner-1,aab4bde042c44e48e5dd7eaaf862d97e6b82c4fbcf48b269781a4312bdbcda6c
72e2402e05b92225c2ca7242782f890ba12e4872868b3d02966e3ae900e31671,R142_0054,LOC,geography,Venezia,Venezia,text_diplomatic,22,29,"; Zuanne ha abitato a Venezia più di 30 anni, Daniele 28; per le gravezze, ""si ",NER_authority,pending_expert_validation,proposed,5e48f179749719ce1e51502010722ec39e8f3225ca38c390a16f33ad5aa29c8f,rules-ner-1,aab4bde042c44e48e5dd7eaaf862d97e6b82c4fbcf48b269781a4312bdbcda6c
db40c26f18b79a106f18eaef22928dba9aae042a2a292ef7b2d40de419eceff0,R142_0054,PER,actors,Daniele Zupponi,Daniele Zupponi,marginal_note_raw,38,53,"richiesta di cittadinanza di Zuanne e Daniele Zupponi, fratelli q. Alberto",NER_person_name,pending_expert_validation,unresolved,2ca3e3d0f60c4921695b4df06564c1d0c9f93874f1b59e1704443fc2867fe3f4,rules-ner-1,aab4bde042c44e48e5dd7eaaf862d97e6b82c4fbcf48b269781a4312bdbcda6c
4997c98c8695424f878dac1e27c4e2a1b0f0ee442695b9d908030a060c05d57f,R142_0055,ORG,institutional_terms,Cattaveri,Cattaveri,text_diplomatic,104,113,ecc.ze Vostre la risposta fatta dalli Cl.mi ss.ri Cattaveri alla supplicatione delli mercanti hebrei levantin,NER_authority,pending_expert_validation,proposed,d46605a2ab50dca0ff7befc1be77dd8ecc77cdb4cdc1b46a506324f3436f7da4,rules-ner-1,aab4bde042c44e48e5dd7eaaf862d97e6b82c4fbcf48b269781a4312bdbcda6c
8bd42ab969b5461df0750434ed49b9021506fdb60da6465fd8290d9fe41f1724,R142_0055,ORG,institutional_terms,Cattaveri,Cattaveri,text_diplomatic,1031,1040,"a nostra scrittura veduta dalli detti Cl.mi ss.ri Cattaveri, i quali dicendo che questa Natione non apporti q",NER_authority,pending_expert_validation,proposed,d46605a2ab50dca0ff7befc1be77dd8ecc77cdb4cdc1b46a506324f3436f7da4,rules-ner-1,aab4bde042c44e48e5dd7eaaf862d97e6b82c4fbcf48b269781a4312bdbcda6c
9c56cbad574723f493afafda7b8f02de9e88fa31fd46a71d96f69d3675d3e314,R142_0055,ORG,institutional_terms,Senato,Senato,text_diplomatic,2890,2896,"delle SS.VV: Ill.me et deliberato poi dall'ecc.mo Senato, sopra di che pare a noi, che dovevano li Cl.mi s",NER_authority,pending_expert_validation,proposed,d46605a2ab50dca0ff7befc1be77dd8ecc77cdb4cdc1b46a506324f3436f7da4,rules-ner-1,aab4bde042c44e48e5dd7eaaf862d97e6b82c4fbcf48b269781a4312bdbcda6c
1085363062fb36ed8b10fb696f9bfef861bbb900dcfa0e4cdf0e3a7e4ee6c162,R142_0055,ORG,institutional_terms,Cattaveri,Cattaveri,text_diplomatic,2951,2960,"ra di che pare a noi, che dovevano li Cl.mi ss.ri Cattaveri dar informationi alle Ecc.ze V.V. Ill.me et quest",NER_authority,pending_expert_validation,proposed,d46605a2ab50dca0ff7befc1be77dd8ecc77cdb4cdc1b46a506324f3436f7da4,rules-ner-1,aab4bde042c44e48e5dd7eaaf862d97e6b82c4fbcf48b269781a4312bdbcda6c
4e61edae3a51e482149d614b5c5678e28e6db25d09432d2c658c9e6b2d3ba32c,R142_0055,ORG,institutional_terms,Cattaveri,Cattaveri,marginal_note_raw,34,43,"Hebrei levantini, Ghetto, signori Cattaveri",NER_authority,pending_expert_validation,proposed,c9c5cd5c26f9ec668fd4bd562ca908125a646057765f0a4c55c3cabcf31ef81e,rules-ner-1,aab4bde042c44e48e5dd7eaaf862d97e6b82c4fbcf48b269781a4312bdbcda6c
72f6fcff4e33e7e26bbe1a19e964d5e51905621b5ec7b51d815f86f77a14040f,R142_0055,PER,actors,Vicenzo Dandolo,Vicenzo Dandolo,signatories_raw,0,15,"Vicenzo Dandolo, Pietro Soranzo, H.mo Vendramin, H:mo Corner",NER_person_name,pending_expert_validation,unresolved,ffc03a91b62f44ef18aa8dbc42874550610a17bfa4311e485bc721677f3b1ad1,rules-ner-1,aab4bde042c44e48e5dd7eaaf862d97e6b82c4fbcf48b269781a4312bdbcda6c
ea2c4d8ac7f1ad44ae0d764d1d74c83560f42ed9f084f0443c6743f762d010ea,R142_0055,PER,actors,Piero Soranzo,Pietro Soranzo,signatories_raw,17,31,"Vicenzo Dandolo, Pietro Soranzo, H.mo Vendramin, H:mo Corner",NER_authority,pending_expert_validation,confirmed,ffc03a91b62f44ef18aa8dbc42874550610a17bfa4311e485bc721677f3b1ad1,rules-ner-1,aab4bde042c44e48e5dd7eaaf862d97e6b82c4fbcf48b269781a4312bdbcda6c
53ff9a4a7f08c0d202ddbf54db679fda1c634e9f0ce92d24d10738abbe920a35,R142_0055,PER,actors,Hieronimo Vendramin,H.mo Vendramin,signatories_raw,33,47,"Vicenzo Dandolo, Pietro Soranzo, H.mo Vendramin, H:mo Corner",NER_authority,pending_expert_validation,proposed,ffc03a91b62f44ef18aa8dbc42874550610a17bfa4311e485bc721677f3b1ad1,rules-ner-1,aab4bde042c44e48e5dd7eaaf862d97e6b82c4fbcf48b269781a4312bdbcda6c
d78561c3f2394aebe7d575f1f675d80518370cd477ae78ed23d76ae569986fdd,R142_0055,PER,actors,Hieronimo Corner,H:mo Corner,signatories_raw,49,60,"Vicenzo Dandolo, Pietro Soranzo, H.mo Vendramin, H:mo Corner",NER_authority,pending_expert_validation,proposed,ffc03a91b62f44ef18aa8dbc42874550610a17bfa4311e485bc721677f3b1ad1,rules-ner-1,aab4bde042c44e48e5dd7eaaf862d97e6b82c4fbcf48b269781a4312bdbcda6c
9dff132c829eda23e62253425d35cd92e1fa179d980bb21c4725685de1d6f91c,R142_0056,PER,actors,Marco da Riva,Marco da Riva,signatories_raw,0,13,"Marco da Riva, Pietro Soranzo, Vicenzo Dandolo, Hier.mo Corner",NER_person_name,pending_expert_validation,unresolved,058351fa5c16d9d9a875c6af3a3bc47bdece70cfd4e6fe14d8cb4d8375eadacc,rules-ner-1,aab4bde042c44e48e5dd7eaaf862d97e6b82c4fbcf48b269781a4312bdbcda6c
bb3e6b5c9399bfad703af86ad43555e53fc65d2539d8242d74b5988694e8b5c6,R142_0056,PER,actors,Piero Soranzo,Pietro Soranzo,signatories_raw,15,29,"Marco da Riva, Pietro Soranzo, Vicenzo Dandolo, Hier.mo Corner",NER_authority,pending_expert_validation,confirmed,058351fa5c16d9d9a875c6af3a3bc47bdece70cfd4e6fe14d8cb4d8375eadacc,rules-ner-1,aab4bde042c44e48e5dd7eaaf862d97e6b82c4fbcf48b269781a4312bdbcda6c
9888eca43b1eae45a47417a09549915172dd3dee3895224d0dee8b9e40009457,R142_0056,PER,actors,Vicenzo Dandolo,Vicenzo Dandolo,signatories_raw,31,46,"Marco da Riva, Pietro Soranzo, Vicenzo Dandolo, Hier.mo Corner",NER_person_name,pending_expert_validation,unresolved,058351fa5c16d9d9a875c6af3a3bc47bdece70cfd4e6fe14d8cb4d8375eadacc,rules-ner-1,aab4bde042c44e48e5dd7eaaf862d97e6b82c4fbcf48b269781a4312bdbcda6c
528d6d7ab63bba311dc8edc0039970855fb5fec2313dc1a10ac737dbe279c95a,R142_0056,PER,actors,Hieronimo Corner,Hier.mo Corner,signatories_raw,48,62,"Marco da Riva, Pietro Soranzo, Vicenzo Dandolo, Hier.mo Corner",NER_authority,pending_expert_validation,proposed,058351fa5c16d9d9a875c6af3a3bc47bdece70cfd4e6fe14d8cb4d8375eadacc,rules-ner-1,aab4bde042c44e48e5dd7eaaf862d97e6b82c4fbcf48b269781a4312bdbcda6c
e4c0950b9a81c17dc0d579e9f8b004033f0d4470d7099cf4224b78d99f15e513,R142_0057,PER,actors,Piero Soranzo,Piero Soranzo,signatories_raw,0,13,"Piero Soranzo, Hier.mo Corner",NER_person_name,pending_expert_validation,unresolved,bcc6322e3cd5cef245cfc7baf65bd5d9f919d5f8821182e5ed9f80889fe450c0,rules-ner-1,aab4bde042c44e48e5dd7eaaf862d97e6b82c4fbcf48b269781a4312bdbcda6c
fe6232db186c2918b514e528c587bcddafc12dcb2f8722a52349f4b275a4a44b,R142_0057,PER,actors,Hieronimo Corner,Hier.mo Corner,signatories_raw,15,29,"Piero Soranzo, Hier.mo Corner",NER_authority,pending_expert_validation,proposed,bcc6322e3cd5cef245cfc7baf65bd5d9f919d5f8821182e5ed9f80889fe450c0,rules-ner-1,aab4bde042c44e48e5dd7eaaf862d97e6b82c4fbcf48b269781a4312bdbcda6c
9754a4c60d8f6ea81f6ba22b5d4655ba30ac1d1ac0fd2eb7a9f97188b4be02d1,R142_0059,PER,actors,Prospero Colombo,Prospero Colombo,text_diplomatic,34,50,"È supplicata la S.ta V. dal fedel Prospero Colombo, che ella si degni di dar ordine, che le lane sac",NER_person_context,pending_expert_validation,unresolved,4b6a408c1f9c2bb2667b27fadb61ac2cfa45f286e66f6d1199588664210d4e11,rules-ner-1,aab4bde042c44e48e5dd7eaaf862d97e6b82c4fbcf48b269781a4312bdbcda6c
91b92495e8f78c2a20fff35698cf8903b8cb62bd60c00558d2a05e3204fe938b,R142_0059,LOC,geography,Ponente,Ponente,text_diplomatic,171,178,state condotte in questa città con la sua nave di Ponente siano essenti da tutto'l datio dell'intrada iuxta,NER_authority,pending_expert_validation,proposed,4b6a408c1f9c2bb2667b27fadb61ac2cfa45f286e66f6d1199588664210d4e11,rules-ner-1,aab4bde042c44e48e5dd7eaaf862d97e6b82c4fbcf48b269781a4312bdbcda6c
3044e075eea4a50bd82f368c5a3de624ef0f1dbcfe67ef8bf89dc7b5c5f116ee,R142_0059,ORG,institutional_terms,Senato,Senato,text_diplomatic,242,248," da tutto'l datio dell'intrada iuxta la parte del Senato di 25 zugno 1608, essendo uno delli tre parcenevo",NER_authority,pending_expert_validation,proposed,4b6a408c1f9c2bb2667b27fadb61ac2cfa45f286e66f6d1199588664210d4e11,rules-ner-1,aab4bde042c44e48e5dd7eaaf862d97e6b82c4fbcf48b269781a4312bdbcda6c
9a2317068118257f4121d8d5d70950062c608a73876053d179e75f2139da7ae2,R142_0059,ORG,institutional_terms,Senato,Senato,text_diplomatic,634,640, altri rispetti publici fu deliberato dall'Ecc.mo Senato l'anno 1598 a 3 settembre con previa informatione,NER_authority,pending_expert_validation,proposed,4b6a408c1f9c2bb2667b27fadb61ac2cfa45f286e66f6d1199588664210d4e11,rules-ner-1,aab4bde042c44e48e5dd7eaaf862d97e6b82c4fbcf48b269781a4312bdbcda6c
ae57b10d08568d904c41fa9b5b7140ea018ce94372566a45263957dac46b078a,R142_0059,LOC,geography,Ponente,Ponente,text_diplomatic,764,771,"e tutte le lane, che fossero condotte per mare di Ponente in questa città fossero essenti dal datio dell'In",NER_authority,pending_expert_validation,proposed,4b6a408c1f9c2bb2667b27fadb61ac2cfa45f286e66f6d1199588664210d4e11,rules-ner-1,aab4bde042c44e48e5dd7eaaf862d97e6b82c4fbcf48b269781a4312bdbcda6c
042b57291cdb823af2bcc7ab78f2455b66e08d54347e683bd19716d2249e69a2,R142_0059,ORG,institutional_terms,Senato,Senato,text_diplomatic,1394,1400,"materia fu proposta et presa la parte nell'Ecc.mo Senato de 25 Zugno 1608 sopranominata, per la quale fu d",NER_authority,pending_expert_validation,proposed,4b6a408c1f9c2bb2667b27fadb61ac2cfa45f286e66f6d1199588664210d4e11,rules-ner-1,aab4bde042c44e48e5dd7eaaf862d97e6b82c4fbcf48b269781a4312bdbcda6c
667fd668bf0d736d22ac73c6f07a344420eca947934d390480f424850394e04e,R142_0059,LOC,geography,Venezia,Venetia,text_diplomatic,1502,1509,"harito, che alle navi Venetiane conducenti lane a Venetia di Ponente fosse concessa tutta la essention del ",NER_authority,pending_expert_validation,proposed,4b6a408c1f9c2bb2667b27fadb61ac2cfa45f286e66f6d1199588664210d4e11,rules-ner-1,aab4bde042c44e48e5dd7eaaf862d97e6b82c4fbcf48b269781a4312bdbcda6c
432c4461aab4079872499bf1aca7fdf829bd5639b021893540f6c062c5522b45,R142_0059,LOC,geography,Ponente,Ponente,text_diplomatic,1513,1520," alle navi Venetiane conducenti lane a Venetia di Ponente fosse concessa tutta la essention del datio, et a",NER_authority,pending_expert_validation,proposed,4b6a408c1f9c2bb2667b27fadb61ac2cfa45f286e66f6d1199588664210d4e11,rules-ner-1,aab4bde042c44e48e5dd7eaaf862d97e6b82c4fbcf48b269781a4312bdbcda6c
31d97c37e35486948452461b86a27f39bcf43496f03f714c0e4171ad3e5419ce,R142_0059,LOC,geography,Ponente,Ponente,text_diplomatic,1721,1728,"o mandato il detto Colombo la sudetta sua nave in Ponente iuxta la detta sua offerta, et essendo quella cap",NER_authority,pending_expert_validation,proposed,4b6a408c1f9c2bb2667b27fadb61ac2cfa45f286e66f6d1199588664210d4e11,rules-ner-1,aab4bde042c44e48e5dd7eaaf862d97e6b82c4fbcf48b269781a4312bdbcda6c
a875f3b2c86530b0ea09f59e8db164c310418ff30cde38c1770bcd65b6de9990,R142_0059,PER,actors,Prospero Colombo,Prospero Colombo,marginal_note_raw,0,16,Prospero Colombo lane condotte con la sua nave,NER_person_name,pending_expert_validation,unresolved,4fc122e9ad9e8fa7884b47f7bb3cc00b4d519937aa7e35054abc9286ad5ce93f,rules-ner-1,aab4bde042c44e48e5dd7eaaf862d97e6b82c4fbcf48b269781a4312bdbcda6c
f8871a57f59c43bc5c98ea2e79be5fc0316cc402b1abd1a15b14a0b9428dc013,R142_0059,PER,actors,Vicenzo Dandolo,Vicenzo Dandolo,signatories_raw,0,15,"Vicenzo Dandolo, Piero Soranzo, Hier.mo Vendramin, Hier.mo Corner",NER_person_name,pending_expert_validation,unresolved,a1247592d7d3e465679c05b46ad798215086a2262420b68a970a29f134e4893c,rules-ner-1,aab4bde042c44e48e5dd7eaaf862d97e6b82c4fbcf48b269781a4312bdbcda6c
da85ce9480692b13342acb98cb8aa121fe6302f3da5bc576cbb2ece0b04e01a6,R142_0059,PER,actors,Piero Soranzo,Piero Soranzo,signatories_raw,17,30,"Vicenzo Dandolo, Piero Soranzo, Hier.mo Vendramin, Hier.mo Corner",NER_person_name,pending_expert_validation,unresolved,a1247592d7d3e465679c05b46ad798215086a2262420b68a970a29f134e4893c,rules-ner-1,aab4bde042c44e48e5dd7eaaf862d97e6b82c4fbcf48b269781a4312bdbcda6c
3e452bde5fab68f0b95f54787cc3ad7e3e268adda48ec0aca3198b6145c79c3f,R142_0059,PER,actors,Hieronimo Vendramin,Hier.mo Vendramin,signatories_raw,32,49,"Vicenzo Dandolo, Piero Soranzo, Hier.mo Vendramin, Hier.mo Corner",NER_authority,pending_expert_validation,proposed,a1247592d7d3e465679c05b46ad798215086a2262420b68a970a29f134e4893c,rules-ner-1,aab4bde042c44e48e5dd7eaaf862d97e6b82c4fbcf48b269781a4312bdbcda6c
180bf8d00ee305261579223e9c14c0d960eb80acb5674b86b7c4cd78c75aacee,R142_0059,PER,actors,Hieronimo Corner,Hier.mo Corner,signatories_raw,51,65,"icenzo Dandolo, Piero Soranzo, Hier.mo Vendramin, Hier.mo Corner",NER_authority,pending_expert_validation,proposed,a1247592d7d3e465679c05b46ad798215086a2262420b68a970a29f134e4893c,rules-ner-1,aab4bde042c44e48e5dd7eaaf862d97e6b82c4fbcf48b269781a4312bdbcda6c
e3dbec55a96c364c7f07ba5df90ffb71d25426c7ec58eb00f1a298348dc9514e,R142_0060,LOC,geography,Alessandria,Alessandria,text_diplomatic,11,22,Mercanti d'Alessandria per vania cottimo. Habbiamo noi etc. veduta la su,NER_authority,pending_expert_validation,proposed,8a6920b7b116b47d985c83255bcfada03d87b0f310cbf672f35519e411aa0a5a,rules-ner-1,aab4bde042c44e48e5dd7eaaf862d97e6b82c4fbcf48b269781a4312bdbcda6c
1d9b405058633b7e4aeb59fa5354ef72be5f3c1fe48e54986e43e3f055d27781,R142_0060,LOC,geography,Alessandria,Alessandria,text_diplomatic,153,164, suoi per la quale narrando la vania occorsale in Alessandria intorno il negotio delle loro mercantie per esser,NER_authority,pending_expert_validation,proposed,8a6920b7b116b47d985c83255bcfada03d87b0f310cbf672f35519e411aa0a5a,rules-ner-1,aab4bde042c44e48e5dd7eaaf862d97e6b82c4fbcf48b269781a4312bdbcda6c
d561b466d13a3b326ca981e858191b11effa5b3f9df617b9649e68662af31196,R142_0060,LOC,geography,Costantinopoli,Constantinopoli,text_diplomatic,343,358,ricuperatione in persone che sono state mandate a Constantinopoli con auttorita di consigli di dodici di quel conso,NER_authority,pending_expert_validation,proposed,8a6920b7b116b47d985c83255bcfada03d87b0f310cbf672f35519e411aa0a5a,rules-ner-1,aab4bde042c44e48e5dd7eaaf862d97e6b82c4fbcf48b269781a4312bdbcda6c
1599190ee500b8e19b39fa3c18fec79d93eba39f6775a296bc2cec861df6e352,R142_0060,LOC,geography,Alessandria,Alessandria,text_diplomatic,570,581,"sione (?) alli signori Proveditori del Cottimo di Alessandria, et come in essa supplicatione alla quale respond",NER_authority,pending_expert_validation,proposed,8a6920b7b116b47d985c83255bcfada03d87b0f310cbf672f35519e411aa0a5a,rules-ner-1,aab4bde042c44e48e5dd7eaaf862d97e6b82c4fbcf48b269781a4312bdbcda6c
696aa771068cf6fa54fc3523a0d27bab2d01924ff932278c55e8abfd3d89bdb5,R142_0060,LOC,geography,Alessandria,Alessandria,marginal_note_raw,11,22,Mercanti d’Alessandria per vania cottimo,NER_authority,pending_expert_validation,proposed,b43e7c4a5b7d126d92684e064e752f4e44ab9f6a5292717e8e2c9d6ea52f7ccb,rules-ner-1,aab4bde042c44e48e5dd7eaaf862d97e6b82c4fbcf48b269781a4312bdbcda6c
39adc5da8e19f770571f8d0c42d7e49114447a8cac0c211cdf9b91c3d4c82df0,R142_0060,PER,actors,Marco da Riva,Marco da Riva,signatories_raw,0,13,"Marco da Riva, Vicenzo Dandolo, Piero Soranzo",NER_person_name,pending_expert_validation,unresolved,4152fe4822da4f2fb2d7f9b5627ab6fc2ca258c4568bd65522ae81e205b04559,rules-ner-1,aab4bde042c44e48e5dd7eaaf862d97e6b82c4fbcf48b269781a4312bdbcda6c
a6848598cc217e2c9df68ba512e50be004ed73275e81e4b8dd5567de5f799a86,R142_0060,PER,actors,Vicenzo Dandolo,Vicenzo Dandolo,signatories_raw,15,30,"Marco da Riva, Vicenzo Dandolo, Piero Soranzo",NER_person_name,pending_expert_validation,unresolved,4152fe4822da4f2fb2d7f9b5627ab6fc2ca258c4568bd65522ae81e205b04559,rules-ner-1,aab4bde042c44e48e5dd7eaaf862d97e6b82c4fbcf48b269781a4312bdbcda6c
8b436ac1d00459b6f2cd1eb06e8be7854207dabf508ff51bc314a3053a4dd50f,R142_0060,PER,actors,Piero Soranzo,Piero Soranzo,signatories_raw,32,45,"Marco da Riva, Vicenzo Dandolo, Piero Soranzo",NER_person_name,pending_expert_validation,unresolved,4152fe4822da4f2fb2d7f9b5627ab6fc2ca258c4568bd65522ae81e205b04559,rules-ner-1,aab4bde042c44e48e5dd7eaaf862d97e6b82c4fbcf48b269781a4312bdbcda6c
cf5e12ae62a11b1a64f8706d405895951fda428038b59a407ff608c68f6b587d,R142_0061,LOC,geography,Ponente,Ponente,text_diplomatic,222,229,"a nova navigatione, che hora fanno li vasselli di Ponente essendosi con il mezo di essa impatroniti del neg",NER_authority,pending_expert_validation,proposed,594b94e77e5ce2a81724e49bf90250747b022466288a51d5e8309dccdabc1b00,rules-ner-1,aab4bde042c44e48e5dd7eaaf862d97e6b82c4fbcf48b269781a4312bdbcda6c
2c123b6ff7ad58f8bc918e856a1c816003428722185cd1d3b42aa9a29bb2a78c,R142_0061,LOC,geography,Levante,Levante,text_diplomatic,413,420,"sono introdotti anco et ingrossati alle scale del Levante li traffichi di ogni natione, che solevano esser ",NER_authority,pending_expert_validation,proposed,594b94e77e5ce2a81724e49bf90250747b022466288a51d5e8309dccdabc1b00,rules-ner-1,aab4bde042c44e48e5dd7eaaf862d97e6b82c4fbcf48b269781a4312bdbcda6c
9172ae409e777b54919581636cd22f9fede5187f88e4478c5ac13bb40e5c046b,R142_0061,PER,actors,Zuanne Garzoni,Z: Garzoni,signatories_raw,0,10,"Z: Garzoni, Dn.go Barbarigo, Vicenzo Dandolo, Maff° Michiel,",NER_authority,pending_expert_validation,proposed,da14155dfabbc24bd64b88f4fb2c6105cf66bed0fe2f41c39f14564ecf62c676,rules-ner-1,aab4bde042c44e48e5dd7eaaf862d97e6b82c4fbcf48b269781a4312bdbcda6c
1e7a63661062955dfd986afd48cd63d8ce2a40540a30aa2b70dd41b664296d7b,R142_0061,PER,actors,Domenego Barbarigo,Dn.go Barbarigo,signatories_raw,12,27,"Z: Garzoni, Dn.go Barbarigo, Vicenzo Dandolo, Maff° Michiel, Andrea Paruta",NER_authority,pending_expert_validation,proposed,da14155dfabbc24bd64b88f4fb2c6105cf66bed0fe2f41c39f14564ecf62c676,rules-ner-1,aab4bde042c44e48e5dd7eaaf862d97e6b82c4fbcf48b269781a4312bdbcda6c
d23863bd2094b56d861aac12c915085f2beac2f3e0c0da7639e76f3b87dd01f5,R142_0061,PER,actors,Vicenzo Dandolo,Vicenzo Dandolo,signatories_raw,29,44,"Z: Garzoni, Dn.go Barbarigo, Vicenzo Dandolo, Maff° Michiel, Andrea Paruta",NER_person_name,pending_expert_validation,unresolved,da14155dfabbc24bd64b88f4fb2c6105cf66bed0fe2f41c39f14564ecf62c676,rules-ner-1,aab4bde042c44e48e5dd7eaaf862d97e6b82c4fbcf48b269781a4312bdbcda6c
b7f3ab0adf22300ac2de3bfa2ff3f62849c96e48888a5e8cd26f0ead65cc5943,R142_0061,PER,actors,Maffio Michiel,Maff° Michiel,signatories_raw,46,59,"Z: Garzoni, Dn.go Barbarigo, Vicenzo Dandolo, Maff° Michiel, Andrea Paruta",NER_authority,pending_expert_validation,proposed,da14155dfabbc24bd64b88f4fb2c6105cf66bed0fe2f41c39f14564ecf62c676,rules-ner-1,aab4bde042c44e48e5dd7eaaf862d97e6b82c4fbcf48b269781a4312bdbcda6c
4fd0361a4bc4c7b36f997f509922e026ab541b07f08c494fc9a584a54d323569,R142_0061,PER,actors,Andrea Paruta,Andrea Paruta,signatories_raw,61,74," Dn.go Barbarigo, Vicenzo Dandolo, Maff° Michiel, Andrea Paruta",NER_person_name,pending_expert_validation,unresolved,da14155dfabbc24bd64b88f4fb2c6105cf66bed0fe2f41c39f14564ecf62c676,rules-ner-1,aab4bde042c44e48e5dd7eaaf862d97e6b82c4fbcf48b269781a4312bdbcda6c
664ff0d86850842fda7dec34aa9c2c3771fcdef5ff25de3cab8bb79f37fbd61c,R142_0062,ORG,institutional_terms,Collegio,Collegio,text_diplomatic,166,174,missione datane dalla S.ta Vostra nell'Ecc.mo suo Collegio havuta matura consideratione sopra l'assicuration,NER_authority,pending_expert_validation,proposed,44ec5e8bb4ab10f4a97b92dc6d94119bfb984b45a0b99a749a6fac7ee2a6ef9f,rules-ner-1,aab4bde042c44e48e5dd7eaaf862d97e6b82c4fbcf48b269781a4312bdbcda6c
efb651a3e2368d73c38062b255061e9fd7d0c09f10dc2b6c46d269705fe0063e,R142_0062,PER,actors,Lorenzo Barbarigo,Lorenzo Barbarigo,signatories_raw,10,27," Garzoni, Lorenzo Barbarigo, Maffio Michiel, Andrea Paruta",NER_person_name,pending_expert_validation,unresolved,525fa4ac5c50ee0c1d87a1e46fa2e6dde9c1772883f037b7e54f1d6b2183b6e0,rules-ner-1,aab4bde042c44e48e5dd7eaaf862d97e6b82c4fbcf48b269781a4312bdbcda6c
05409578559147ea095ab645e69f68224375d3f532daf6f686d87a304a19f9b8,R142_0062,PER,actors,Maffio Michiel,Maffio Michiel,signatories_raw,29,43," Garzoni, Lorenzo Barbarigo, Maffio Michiel, Andrea Paruta",NER_authority,pending_expert_validation,confirmed,525fa4ac5c50ee0c1d87a1e46fa2e6dde9c1772883f037b7e54f1d6b2183b6e0,rules-ner-1,aab4bde042c44e48e5dd7eaaf862d97e6b82c4fbcf48b269781a4312bdbcda6c
b4afe6207c11698404fe38add6d42a8ffb4694635b497b951ed48a45176e888b,R142_0062,PER,actors,Andrea Paruta,Andrea Paruta,signatories_raw,45,58," Garzoni, Lorenzo Barbarigo, Maffio Michiel, Andrea Paruta",NER_person_name,pending_expert_validation,unresolved,525fa4ac5c50ee0c1d87a1e46fa2e6dde9c1772883f037b7e54f1d6b2183b6e0,rules-ner-1,aab4bde042c44e48e5dd7eaaf862d97e6b82c4fbcf48b269781a4312bdbcda6c
b740a7963cb9e2d45947cc057335dbf26d83aa2ee200fe57501064a4eec64729,R142_0063,PER,actors,Paulo Santorini,Paulo Santorini,text_diplomatic,124,139,.ta dir la opinion nostra sopra il raccordo di D. Paulo Santorini per il qual propone quando dalla publica auttorit,NER_person_context,pending_expert_validation,unresolved,d3359b99d00cc42228addcd02416cf047f1ad6d0650ccd32c096b7a701a46c89,rules-ner-1,aab4bde042c44e48e5dd7eaaf862d97e6b82c4fbcf48b269781a4312bdbcda6c
afb428487ffe381e614999222eed67366d9ebfee77c1786f182456393857ac2e,R142_0063,LOC,geography,Levante,Levante,text_diplomatic,418,425,"cantilmente da questa città [186v] alle scale del Levante, discorrendo in esso suo ricordo, che da questa l",NER_authority,pending_expert_validation,proposed,d3359b99d00cc42228addcd02416cf047f1ad6d0650ccd32c096b7a701a46c89,rules-ner-1,aab4bde042c44e48e5dd7eaaf862d97e6b82c4fbcf48b269781a4312bdbcda6c
7eccb4475c81af438e0d95ce6c325344e4085afd47eaf9d3c88c05877c9e4d79,R142_0063,LOC,geography,Levante,Levante,text_diplomatic,1220,1227,"iginario non è admesso dalle leggi al negotio del Levante se non in virtù di privilegio, il quale non si pu",NER_authority,pending_expert_validation,proposed,d3359b99d00cc42228addcd02416cf047f1ad6d0650ccd32c096b7a701a46c89,rules-ner-1,aab4bde042c44e48e5dd7eaaf862d97e6b82c4fbcf48b269781a4312bdbcda6c
7797879f9ac60710562362ea95bb59c6ebb1b0174f644ecdbf99589ed57aaa59,R142_0063,LOC,geography,Levante,Levante,text_diplomatic,1709,1716,"parte. L'haver ristretto l'amplissimo negotio del Levante in mano de suoi cittadini, manifesta, che quel vi",NER_authority,pending_expert_validation,proposed,d3359b99d00cc42228addcd02416cf047f1ad6d0650ccd32c096b7a701a46c89,rules-ner-1,aab4bde042c44e48e5dd7eaaf862d97e6b82c4fbcf48b269781a4312bdbcda6c
e685d9056c7d06515cf15fa44e9ecb80a0f1d0dcaa8276192529138ed1fade29,R142_0063,LOC,geography,Levante,Levante,text_diplomatic,2709,2716,"ndo vanno augumentando vasselli, et mercantie nel Levante senza toccar questa città, reputamo la prohibitio",NER_authority,pending_expert_validation,proposed,d3359b99d00cc42228addcd02416cf047f1ad6d0650ccd32c096b7a701a46c89,rules-ner-1,aab4bde042c44e48e5dd7eaaf862d97e6b82c4fbcf48b269781a4312bdbcda6c
1bf5e65b3e76482aafa205e164b768201c1c4af20384249c81b16f9f4a21203a,R142_0063,LOC,geography,Ponente,Ponente,text_diplomatic,3743,3750,"ano di nostri la mercantia, et la navigatione del Ponente, e quello di Levante ridotto in mano di pochi sma",NER_authority,pending_expert_validation,proposed,d3359b99d00cc42228addcd02416cf047f1ad6d0650ccd32c096b7a701a46c89,rules-ner-1,aab4bde042c44e48e5dd7eaaf862d97e6b82c4fbcf48b269781a4312bdbcda6c
63b99c89782115ae0445d2f2cfbeca740da017272fd71703c60686788db9f755,R142_0063,LOC,geography,Levante,Levante,text_diplomatic,3764,3771,"antia, et la navigatione del Ponente, e quello di Levante ridotto in mano di pochi smariti dalle perdite, e",NER_authority,pending_expert_validation,proposed,d3359b99d00cc42228addcd02416cf047f1ad6d0650ccd32c096b7a701a46c89,rules-ner-1,aab4bde042c44e48e5dd7eaaf862d97e6b82c4fbcf48b269781a4312bdbcda6c
772158d4c1bd0faf81bbacdaac6db99a5829071393addc3df78cb0845f19be29,R142_0063,LOC,geography,Levante,Levante,text_diplomatic,6411,6418,"opportunità del sito commodo alla navigatione del Levante, et al distribuir le mercantie, che passano nell'",NER_authority,pending_expert_validation,proposed,d3359b99d00cc42228addcd02416cf047f1ad6d0650ccd32c096b7a701a46c89,rules-ner-1,aab4bde042c44e48e5dd7eaaf862d97e6b82c4fbcf48b269781a4312bdbcda6c
a870076c4544873ec40e1b72539df694973ad34000e90ea839e2979a47c4b85c,R142_0063,LOC,geography,Ponente,Ponente,text_diplomatic,6544,6551,"rticolar sentor, che habbiamo, che da mercanti di Ponente sia molto desiderato questa libertà per venirsene",NER_authority,pending_expert_validation,proposed,d3359b99d00cc42228addcd02416cf047f1ad6d0650ccd32c096b7a701a46c89,rules-ner-1,aab4bde042c44e48e5dd7eaaf862d97e6b82c4fbcf48b269781a4312bdbcda6c
43e7909a3bb327f574fcbc7e405a8d761e475d324900833de7991218e4657e61,R142_0063,LOC,geography,Venezia,Venetia,text_diplomatic,6763,6770," l'esser incompatibili le piazze di Marsiglia, et Venetia confondendo l'una il negotio dell'altra per parti",NER_authority,pending_expert_validation,proposed,d3359b99d00cc42228addcd02416cf047f1ad6d0650ccd32c096b7a701a46c89,rules-ner-1,aab4bde042c44e48e5dd7eaaf862d97e6b82c4fbcf48b269781a4312bdbcda6c
cd6de578d8530ed92b11978cc57057ed0ae43d96654562e14bef44766db3fed3,R142_0063,LOC,geography,Spalato,Spalato,text_diplomatic,7294,7301,"ca, Turca, et hebrea, quando institui la scala di Spalato, alla quale fu concesso non sola navigatione libe",NER_authority,pending_expert_validation,proposed,d3359b99d00cc42228addcd02416cf047f1ad6d0650ccd32c096b7a701a46c89,rules-ner-1,aab4bde042c44e48e5dd7eaaf862d97e6b82c4fbcf48b269781a4312bdbcda6c
0fa524d40b521353601ba01bc07d6a6fb10513093c33d4720ea86513f9a58836,R142_0063,LOC,geography,Levante,Levante,text_diplomatic,7851,7858,"ggi della Republica privano dalla navigatione del Levante li forestieri habitanti nel stado, ma non possono",NER_authority,pending_expert_validation,proposed,d3359b99d00cc42228addcd02416cf047f1ad6d0650ccd32c096b7a701a46c89,rules-ner-1,aab4bde042c44e48e5dd7eaaf862d97e6b82c4fbcf48b269781a4312bdbcda6c
eabc6d21d1f66db89a5102e17f5ba4c86153dbf2f083bed18a6aa12cb6da277f,R142_0063,LOC,geography,Levante,Levante,text_diplomatic,8127,8134,"lcuna cosa a quelli, che hora fanno il negotio di Levante, ben saria di pregiudicio, se altri vasselli, et ",NER_authority,pending_expert_validation,proposed,d3359b99d00cc42228addcd02416cf047f1ad6d0650ccd32c096b7a701a46c89,rules-ner-1,aab4bde042c44e48e5dd7eaaf862d97e6b82c4fbcf48b269781a4312bdbcda6c
e7320ba87e12fdd77cc7e77a25cbe7aee262390df974f2b52dcc608e78399f8a,R142_0063,LOC,geography,Levante,Levante,text_diplomatic,8318,8325,"er, ma nella presente condition, che a Turchi del Levante viene abbondantemente sumministrati li suoi bisog",NER_authority,pending_expert_validation,proposed,d3359b99d00cc42228addcd02416cf047f1ad6d0650ccd32c096b7a701a46c89,rules-ner-1,aab4bde042c44e48e5dd7eaaf862d97e6b82c4fbcf48b269781a4312bdbcda6c
50ac995e18bb825802f436cffcd73589b400392aa462a03fba617e6a4bb459e9,R142_0063,LOC,geography,Levante,Levante,text_diplomatic,9587,9594,"intus et extra, volendo far negotio mercantil per Levante dovera dar in nota al magistrato, che fosse deput",NER_authority,pending_expert_validation,proposed,d3359b99d00cc42228addcd02416cf047f1ad6d0650ccd32c096b7a701a46c89,rules-ner-1,aab4bde042c44e48e5dd7eaaf862d97e6b82c4fbcf48b269781a4312bdbcda6c
afe983e96da43eb29e74d8197a2b6eefcadc6635c6a5d38959743dd471bcd3aa,R142_0063,LOC,geography,Ponente,Ponente,text_diplomatic,10016,10023,"no sia di sua specialità o d'altri, sia levato di Ponente, o di Levante, o di qual si voglia parte, sia car",NER_authority,pending_expert_validation,proposed,d3359b99d00cc42228addcd02416cf047f1ad6d0650ccd32c096b7a701a46c89,rules-ner-1,aab4bde042c44e48e5dd7eaaf862d97e6b82c4fbcf48b269781a4312bdbcda6c
6b40a466cd69f6710ca692cd61b1fcf447338f22cdf49b0ca83e7a4d235bdc26,R142_0063,LOC,geography,Levante,Levante,text_diplomatic,10030,10037,"specialità o d'altri, sia levato di Ponente, o di Levante, o di qual si voglia parte, sia caricato sopra va",NER_authority,pending_expert_validation,proposed,d3359b99d00cc42228addcd02416cf047f1ad6d0650ccd32c096b7a701a46c89,rules-ner-1,aab4bde042c44e48e5dd7eaaf862d97e6b82c4fbcf48b269781a4312bdbcda6c
f7bcaa2ab31630ddaee60ab7f4f6f94645a0cd6951960b19b2cb35c546e7bfd8,R142_0063,PER,actors,Paulo Santorini,Paulo Santorini,marginal_note_raw,27,42,Navigatione per forestieri Paulo Santorini,NER_person_name,pending_expert_validation,unresolved,df0880e62e6e7442f228c2c52a20be82e9f6559e4463cb2d753908e7d6afa7d2,rules-ner-1,aab4bde042c44e48e5dd7eaaf862d97e6b82c4fbcf48b269781a4312bdbcda6c
7324b15ebeb9e1c43d8c476117c162bf51049089e450cdab28a66a6d3cdfab86,R142_0063,PER,actors,Zuanne Garzoni,Zuanne Garzoni,signatories_raw,0,14,"Zuanne Garzoni, Lorenzo Barbarigo, Maffio Michiel, Andrea Paruta",NER_person_name,pending_expert_validation,unresolved,041b8abf12d53e41a5e8d6557d564dc397074e3863ace92ab6b7bfddf274a465,rules-ner-1,aab4bde042c44e48e5dd7eaaf862d97e6b82c4fbcf48b269781a4312bdbcda6c
f31ce9d5ca1f3081a31c472e2c75623fe715af6df6056db3867fffe1b47c857f,R142_0063,PER,actors,Lorenzo Barbarigo,Lorenzo Barbarigo,signatories_raw,16,33,"Zuanne Garzoni, Lorenzo Barbarigo, Maffio Michiel, Andrea Paruta",NER_person_name,pending_expert_validation,unresolved,041b8abf12d53e41a5e8d6557d564dc397074e3863ace92ab6b7bfddf274a465,rules-ner-1,aab4bde042c44e48e5dd7eaaf862d97e6b82c4fbcf48b269781a4312bdbcda6c
33c11cbd75502662487528dc2485ab39aa324e630715fdc32ea0995195662057,R142_0063,PER,actors,Maffio Michiel,Maffio Michiel,signatories_raw,35,49,"Zuanne Garzoni, Lorenzo Barbarigo, Maffio Michiel, Andrea Paruta",NER_authority,pending_expert_validation,confirmed,041b8abf12d53e41a5e8d6557d564dc397074e3863ace92ab6b7bfddf274a465,rules-ner-1,aab4bde042c44e48e5dd7eaaf862d97e6b82c4fbcf48b269781a4312bdbcda6c
fda65eda437d129d84065e3630697ed9e6417c9ce15578e3308fda8a995028b5,R142_0063,PER,actors,Andrea Paruta,Andrea Paruta,signatories_raw,51,64,"uanne Garzoni, Lorenzo Barbarigo, Maffio Michiel, Andrea Paruta",NER_person_name,pending_expert_validation,unresolved,041b8abf12d53e41a5e8d6557d564dc397074e3863ace92ab6b7bfddf274a465,rules-ner-1,aab4bde042c44e48e5dd7eaaf862d97e6b82c4fbcf48b269781a4312bdbcda6c
58d899515b98df99a2d36772ce4494e05d428ec27ab2aea7c295c4df5c63b7e1,R142_0064,PER,actors,Carlo Strozzi,Carlo Strozzi,text_diplomatic,6888,6901,"re, et luoghi con pena della vita [*è il bando di Carlo Strozzi che dunque seguiva soltanto la legge del 1567*], ",NER_person_name,pending_expert_validation,unresolved,323f8ad30467e7531dffc87b9545f7b4d9a30a1484856d471a96b8bc49257b17,rules-ner-1,aab4bde042c44e48e5dd7eaaf862d97e6b82c4fbcf48b269781a4312bdbcda6c
5971c2d634b693e4d01dd988853720b1b9e913fc010c82066dd75a49c7f36a54,R142_0064,PER,actors,Zuanne Garzoni,Zuanne Garzoni,signatories_raw,0,14,"Zuanne Garzoni, Lorenzo Barbarigo, Maffio Michiel, Andrea Paruta",NER_person_name,pending_expert_validation,unresolved,041b8abf12d53e41a5e8d6557d564dc397074e3863ace92ab6b7bfddf274a465,rules-ner-1,aab4bde042c44e48e5dd7eaaf862d97e6b82c4fbcf48b269781a4312bdbcda6c
bcd1f41f1268915115315303fe2e4122c67bf0117d5c6864be9767449ed02489,R142_0064,PER,actors,Lorenzo Barbarigo,Lorenzo Barbarigo,signatories_raw,16,33,"Zuanne Garzoni, Lorenzo Barbarigo, Maffio Michiel, Andrea Paruta",NER_person_name,pending_expert_validation,unresolved,041b8abf12d53e41a5e8d6557d564dc397074e3863ace92ab6b7bfddf274a465,rules-ner-1,aab4bde042c44e48e5dd7eaaf862d97e6b82c4fbcf48b269781a4312bdbcda6c
e2ba2fced71a1a92ca2ac28f53ddcfe36147fc87af121609bb540011eebdd714,R142_0064,PER,actors,Maffio Michiel,Maffio Michiel,signatories_raw,35,49,"Zuanne Garzoni, Lorenzo Barbarigo, Maffio Michiel, Andrea Paruta",NER_authority,pending_expert_validation,confirmed,041b8abf12d53e41a5e8d6557d564dc397074e3863ace92ab6b7bfddf274a465,rules-ner-1,aab4bde042c44e48e5dd7eaaf862d97e6b82c4fbcf48b269781a4312bdbcda6c
657891179ac0757dead1180db74fe78f5b4849eac1b9705521b4760c7964210d,R142_0064,PER,actors,Andrea Paruta,Andrea Paruta,signatories_raw,51,64,"uanne Garzoni, Lorenzo Barbarigo, Maffio Michiel, Andrea Paruta",NER_person_name,pending_expert_validation,unresolved,041b8abf12d53e41a5e8d6557d564dc397074e3863ace92ab6b7bfddf274a465,rules-ner-1,aab4bde042c44e48e5dd7eaaf862d97e6b82c4fbcf48b269781a4312bdbcda6c
